gene_symbol,gene_name,regulation,entrez_id,p_value,BH_adjusted_p_value,bonferroni_p_value,probe_id,X,probe_name,is_reannotated,chromosome
ANXA1,annexin A1,Up,301,3.98600179249512e-14,3.99158219500462e-10,3.99158219500462e-10,1059197,41725,A_23_P94501,FALSE,chr9
SMIM32,small integral membrane protein 32,Up,389332,9.93878017568453e-13,4.97634723396524e-9,9.95269446793049e-9,1018313,6262,A_24_P289665,FALSE,chr5
FABP6,fatty acid binding protein 6,Up,2172,1.16470996571399e-11,3.88780186555331e-8,1.16634055966599e-7,1057093,39909,A_23_P43846,FALSE,chr5
LGALS2,galectin 2,Up,3957,9.35056882453849e-11,2.34091490522321e-7,9.36365962089284e-7,1054593,38024,A_23_P120902,FALSE,chr22
PIK3CG,"phosphatidylinositol-4,5-bisphosphate 3-kinase catalytic subunit gamma",Up,5294,1.95155137508017e-10,3.90856709401057e-7,1.95428354700528e-6,1060417,42158,A_24_P637651,TRUE,chr7
OPRK1,opioid receptor kappa 1,Up,4986,2.97777539439364e-9,4.16851863082551e-6,2.98194427994579e-5,1021758,9044,A_32_P33576,FALSE,chr8
NR4A2,nuclear receptor subfamily 4 group A member 2,Up,4929,3.18815542299791e-9,4.16851863082551e-6,3.19261884059011e-5,1053510,37098,A_23_P131208,FALSE,chr2
SLC17A8,solute carrier family 17 member 8,Up,246213,3.68047551967094e-9,4.16851863082551e-6,3.68562818539848e-5,1010718,334,A_23_P159076,FALSE,chr12
LMO3,LIM domain only 3,Up,55885,3.7464217772548e-9,4.16851863082551e-6,3.75166676774296e-5,1026707,13238,A_24_P381441,FALSE,chr12
RGS12,regulator of G protein signaling 12,Up,6002,4.43568970435005e-9,4.44189966993614e-6,4.44189966993614e-5,1052193,35958,A_23_P352435,FALSE,chr4
SPATA18,spermatogenesis associated 18,Up,132671,5.33992456729684e-9,4.86127314699187e-6,5.3474004616910597e-05,1035251,20836,A_23_P407112,FALSE,chr4
CD52,CD52 molecule,Up,1043,4.10221563526146e-8,3.15996825934679e-5,4.10795873715083e-4,1058341,40950,A_23_P85800,FALSE,chr1
SCGB3A1,secretoglobin family 3A member 1,Up,92304,5.36725749610634e-8,3.60696937087051e-5,5.37477165660088e-4,1036605,22084,A_23_P30217,FALSE,chr5
NTNG2,netrin G2,Up,84628,5.40289001029136e-8,3.60696937087051e-5,5.41045405630577e-4,1037491,22899,A_23_P423331,FALSE,chr9
PPP1R17,protein phosphatase 1 regulatory subunit 17,Up,10842,6.74607580950998e-8,4.2222001972770603e-05,6.75552031564329e-4,1015661,44645,A_23_P145724,FALSE,chr7
NRAP,nebulin related anchoring protein,Up,4892,8.0167342965961e-8,4.45997651367296e-5,8.02795772461133e-4,1055786,38979,A_23_P402765,TRUE,chr10
TMEM196,transmembrane protein 196,Up,256130,1.37235275389325e-7,7.23302130394051e-5,0.0013742740477487,1032818,18623,CUST_6674_PI416261804,FALSE,chr7
TAGLN2,transgelin 2,Up,8407,1.58733998141508e-7,7.94781128694532e-5,0.00158956225738907,1049738,34012,A_23_P74138,FALSE,chr1
MARCO,macrophage receptor with collagenous structure,Up,8685,2.49473440283194e-7,1.14620864911387e-4,0.0024982270309959,1049427,33736,A_23_P101992,FALSE,chr2
PPP1R1A,protein phosphatase 1 regulatory inhibitor subunit 1A,Up,5502,2.51813364095318e-7,1.14620864911387e-4,0.00252165902805052,1052796,36490,A_23_P53417,FALSE,chr12
BCL11B,BAF chromatin remodeling complex subunit BCL11B,Up,64919,4.49223089377859e-7,1.95587826827386e-4,0.00449852001702988,1029568,15729,A_23_P205738,FALSE,chr14
TINCR,TINCR ubiquitin domain containing,Up,257000,7.46119975113885e-7,3.11318559616268e-4,0.00747164543079044,1010572,229,A_23_P39294,FALSE,chr19
SOX5,SRY-box transcription factor 5,Up,6660,8.04375206034156e-7,3.22200532529042e-4,0.00805501331322604,1026456,13063,A_24_P27234,FALSE,chr12
OPN4,opsin 4,Up,94233,1.5104290841934e-6,5.81747571119718e-4,0.0151254368491127,1023053,10079,A_23_P24234,FALSE,chr10
GNB4,G protein subunit beta 4,Up,59345,1.77667281310624e-6,6.41249634132743e-4,0.0177916015504459,1040254,25463,A_32_P171313,FALSE,chr3
LYZL4,lysozyme like 4,Up,131375,1.85702410523762e-6,6.41249634132743e-4,0.0185962393898495,1035297,20879,A_23_P121144,FALSE,chr3
ADAMTS9,ADAM metallopeptidase with thrombospondin type 1 motif 9,Up,56999,2.12327559850653e-6,6.8588651107885e-4,0.0212624818434443,1027903,14306,A_32_P196263,FALSE,chr3
THBD,thrombomodulin,Up,7056,2.22440308043763e-6,6.96099138984452e-4,0.0222751724475025,1050807,34945,A_23_P91390,FALSE,chr20
CYP1B1,cytochrome P450 family 1 subfamily B member 1,Up,1545,2.65761532137586e-6,8.06465449341149e-4,0.0266133598282579,1057798,40492,A_23_P209625,FALSE,chr2
CDH13,cadherin 13,Up,1012,2.7915501711808e-6,8.22193629829545e-4,0.0279545834142045,1058383,40989,CUST_150_PI416408490,FALSE,chr16
SFMBT2,Scm like with four mbt domains 2,Up,57713,3.13819445590354e-6,8.97882265183373e-4,0.0314258792814181,1067717,43960,A_32_P98291,TRUE,chr10
ADRA1B,adrenoceptor alpha 1B,Up,147,3.22814166737207e-6,8.97961407140664e-4,0.0323266106570639,1023485,10465,A_23_P33326,FALSE,chr5
SKAP2,src kinase associated phosphoprotein 2,Up,8935,3.79459721063768e-6,9.99912394524802e-4,0.0379990964673257,1049146,33483,A_23_P157128,FALSE,chr7
PLEKHA4,pleckstrin homology domain containing A4,Up,57664,3.89420644961726e-6,9.99912394524802e-4,0.0389965833864673,1010445,130,A_24_P408047,FALSE,chr19
RASL10A,RAS like family 10 member A,Up,10633,4.06274716780795e-6,0.00101631931869877,0.0406843501384288,1026121,12757,A_23_P166400,FALSE,chr22
CNTN6,contactin 6,Up,27255,4.79137467150278e-6,0.00111583316187044,0.0479808259604288,1044543,29333,A_23_P155404,FALSE,chr3
LRRN2,leucine rich repeat neuronal 2,Up,10446,5.30429653044835e-6,0.00120720966945249,0.0531172254559098,1024046,10957,A_23_P11843,FALSE,chr1
SPHKAP,"SPHK1 interactor, AKAP domain containing",Up,80309,6.00534578180351e-6,0.00133638961464401,0.0601375326589804,1015686,4235,A_23_P392654,FALSE,chr2
SST,somatostatin,Up,6750,6.63371997901191e-6,0.00144413199717011,0.0664300718698252,1025747,12443,CUST_980_PI417557136,FALSE,chr3
GARNL3,GTPase activating Rap/RanGAP domain like 3,Up,84253,7.62833797872505e-6,0.00159090687883078,0.0763901765189527,1037734,23123,A_24_P158314,FALSE,chr9
NPY,neuropeptide Y,Up,4852,7.7845453427909e-6,0.00159090687883078,0.077954437062708,1053653,37217,CUST_16166_PI416261804,FALSE,chr7
MAP6,microtubule associated protein 6,Up,4135,8.32377874086018e-6,0.00166708640621948,0.0833543203109738,1054296,37793,A_23_P47728,FALSE,chr11
DCLK2,doublecortin like kinase 2,Up,166614,1.06563102471512e-5,0.00205215943874947,0.106712290814973,1022910,9961,A_23_P304524,FALSE,chr4
PNMA8B,PNMA family member 8B,Up,57469,1.12113931924802e-5,0.00211831870621692,0.112270891429497,1019506,7199,A_23_P383101,FALSE,chr19
SYNPR,synaptoporin,Up,132204,1.15077605115954e-5,0.00212720895989654,0.115238713763116,1010567,225,A_23_P80718,FALSE,chr3
BAIAP2L2,BAR/IMD domain containing adaptor protein 2 like 2,Up,80115,1.16832926696934e-5,0.00212720895989654,0.11699649279431,1038664,23999,CUST_10314_PI416261804,FALSE,chr22
TDRD9,tudor domain containing 9,Up,122402,1.22944467112907e-5,0.00215994016433097,0.123116589366865,1035795,21340,A_32_P208350,FALSE,chr14
RASGEF1C,RasGEF domain family member 1C,Up,255426,1.382655711012e-5,0.00238722660173693,0.138459142900742,1032848,18649,A_24_P383762,FALSE,chr5
SYT17,synaptotagmin 17,Up,51760,1.47393324390192e-5,0.00250168940753116,0.147599675044339,1043123,28059,CUST_1342_PI416261804,FALSE,chr16
HCN4,hyperpolarization activated cyclic nucleotide gated potassium channel 4,Up,10021,1.66041427455065e-5,0.00277123142422504,0.166273885453502,1047912,32390,CUST_1155_PI416379584,FALSE,chr15
PLA2G4A,phospholipase A2 group IVA,Up,5321,1.72935333751319e-5,0.00279318456804146,0.17317744321857,1021145,8570,A_23_P11685,FALSE,chr1
MAP2K1,mitogen-activated protein kinase kinase 1,Up,5604,1.77729468114105e-5,0.00282505221221372,0.177978289369464,1052654,36363,A_23_P20248,FALSE,chr15
LCMT1,leucine carboxyl methyltransferase 1,Up,51451,1.97578612158099e-5,0.0030761741184574,0.197855222215121,1025897,12560,A_23_P112825,FALSE,chr16
ZNF827,zinc finger protein 827,Up,152485,1.99671777211634e-5,0.0030761741184574,0.199951317699731,1065553,43429,A_23_P72372,TRUE,chr4
GALNT14,polypeptide N-acetylgalactosaminyltransferase 14,Up,79623,2.18643138815441e-5,0.00327734529973766,0.218949239209783,1039165,24468,A_23_P67847,FALSE,chr2
ANTXR2,ANTXR cell adhesion molecule 2,Up,118429,2.21712580174222e-5,0.00327734529973766,0.222022977786466,1035949,45311,A_23_P170733,FALSE,chr4
SMARCD3,"SWI/SNF related, matrix associated, actin dependent regulator of chromatin, subfamily d, member 3",Up,6604,2.22547913303536e-5,0.00327734529973766,0.222859480382161,1026342,12960,CUST_8949_PI416261804,FALSE,chr7
GDPD5,glycerophosphodiester phosphodiesterase domain containing 5,Up,81544,2.68036822307589e-5,0.00383847932032328,0.26841207385882,1038348,23699,A_23_P87401,FALSE,chr11
SLA,Src like adaptor,Up,6503,2.70455429335721e-5,0.00383847932032328,0.270834066936791,1021121,8553,A_23_P216340,FALSE,chr8
ST3GAL1,"ST3 beta-galactoside alpha-2,3-sialyltransferase 1",Up,6482,2.88449787218884e-5,0.00401185579056931,0.288853616920991,1029513,15680,A_23_P31896,FALSE,chr8
RIT2,Ras like without CAAX 2,Up,6014,3.16384669372176e-5,0.00434010421793558,0.316827607909298,1052176,35943,CUST_6645_PI416261804,FALSE,chr18
KLK7,kallikrein related peptidase 7,Up,5650,3.22446174680474e-5,0.00436348107195983,0.322897599325027,1030762,16779,CUST_11497_PI416261804,FALSE,chr19
TRH,thyrotropin releasing hormone,Up,7200,3.62656881248349e-5,0.00477848159055391,0.363164600882097,1050608,34793,A_23_P132760,FALSE,chr3
ZDHHC12,zinc finger DHHC-type containing 12,Up,84885,4.18935520073518e-5,0.0052888689914437,0.419522029801621,1037286,22712,A_23_P158007,FALSE,chr9
BSPRY,B-box and SPRY domain containing,Up,54836,4.20862254860976e-5,0.0052888689914437,0.421451462017781,1042630,27613,A_23_P71946,FALSE,chr9
PEG10,paternally expressed 10,Up,23089,4.25056692603091e-5,0.0052888689914437,0.425651771972736,1022808,9899,A_23_P82503,FALSE,chr7
STK32C,serine/threonine kinase 32C,Up,282974,4.30642584836e-5,0.0052888689914437,0.43124548445477,1032642,18457,A_24_P64329,FALSE,chr10
ASIC2,acid sensing ion channel subunit 2,Up,40,4.33080943976816e-5,0.0052888689914437,0.433687257298383,1059455,41954,A_32_P159612,FALSE,chr17
TG,thyroglobulin,Up,7038,4.49268720464639e-5,0.00538637226467736,0.44989769667329,1050831,34966,A_23_P32454,FALSE,chr8
GXYLT2,glucoside xylosyltransferase 2,Up,727936,4.518227184271e-5,0.00538637226467736,0.452455270232898,1066192,43580,A_32_P3214,TRUE,chr3
C5orf49,chromosome 5 open reading frame 49,Up,134121,4.99634578982552e-5,0.00580746148947462,0.500334067393128,1018192,6163,CUST_658_PI416573500,FALSE,chr5
OLFML2B,olfactomedin like 2B,Up,25903,5.05380147969686e-5,0.00580746148947462,0.506087680176844,1045235,29970,A_24_P248345,FALSE,chr1
CD163,CD163 molecule,Up,9332,5.10342132088843e-5,0.00580746148947462,0.511056611073767,1027501,13936,A_23_P33723,FALSE,chr12
WDR54,WD repeat domain 54,Up,84058,5.40699508843497e-5,0.00608378076579638,0.541456488155878,1037902,23282,CUST_123_PI416261804,FALSE,chr2
NRN1L,neuritin 1 like,Up,123904,5.5445160383932e-5,0.00616919817871883,0.555227836084695,1035732,21283,A_32_P8551,FALSE,chr16
NUDT18,nudix hydrolase 18,Up,79873,5.99285855223878e-5,0.0065947786310021,0.600124855421191,1038856,24177,A_23_P123454,FALSE,chr8
ZFP36,ZFP36 ring finger protein,Up,7538,6.08421043298704e-5,0.0066225307908622,0.609272832759322,1050291,34516,A_23_P39237,FALSE,chr19
CDH6,cadherin 6,Up,1004,6.25628353332422e-5,0.00666493864922434,0.626504233027088,1067412,43883,A_32_P134764,TRUE,chr5
FMOD,fibromodulin,Up,2331,6.73852046984551e-5,0.00703941262560002,0.674795439850329,1056913,39755,A_23_P114883,FALSE,chr1
VWA5A,von Willebrand factor A domain containing 5A,Up,4013,6.80997036860725e-5,0.00703941262560002,0.68195043271233,1054539,37975,A_23_P98455,FALSE,chr11
GNG4,G protein subunit gamma 4,Up,2786,7.28947766526981e-5,0.0073734171050517,0.729968293400119,1020432,7969,A_23_P335329,FALSE,chr1
TRPC4,transient receptor potential cation channel subfamily C member 4,Up,7223,7.56677404666367e-5,0.007577367530329,0.7577367530329,1012820,1917,CUST_15186_PI416261804,FALSE,chr13
ANGPT1,angiopoietin 1,Up,284,7.68095390635158e-5,0.00761555172457472,0.769170724182047,1059214,41738,A_24_P60887,FALSE,chr8
STUM,"stum, mechanosensory transduction mediator homolog",Up,375057,7.76521026439594e-5,0.00762360937133931,0.777608155876609,1031607,17533,CUST_7214_PI416261804,FALSE,chr1
MYL12B,myosin light chain 12B,Up,103910,9.61580148863358e-5,0.00926579725527226,0.962926361071766,1069119,47455,CUST_3144_PI416261804,FALSE,chr18
NUDT2,nudix hydrolase 2,Up,318,9.73771266358142e-5,0.00926579725527226,0.975134546131044,1024183,11086,A_23_P112478,FALSE,chr9
RAB3C,"RAB3C, member RAS oncogene family",Up,115827,9.83241370886473e-5,0.00926579725527226,0.984617908805714,1062511,42669,A_32_P77831,TRUE,chr5
SORBS2,sorbin and SH3 domain containing 2,Up,8470,9.89125787142933e-5,0.00926579725527226,0.990510563244933,1029199,15402,A_23_P121795,FALSE,chr4
KLHDC8A,kelch domain containing 8A,Up,55220,9.90054230391583e-5,0.00926579725527226,0.991440306314131,1042130,27156,A_24_P62800,FALSE,chr1
MAGED1,MAGE family member D1,Up,9500,1.09318514825767e-4,0.010136255624678,1,1030500,45143,A_23_P135634,FALSE,chrX
TWIST1,twist family bHLH transcription factor 1,Up,7291,1.14129329821827e-4,0.0104852395306034,1,1050537,34730,A_23_P71067,FALSE,chr7
CYTH4,cytohesin 4,Up,27128,1.16676142701391e-4,0.0106211260444411,1,1044633,29421,A_23_P155057,FALSE,chr22
HPGD,15-hydroxyprostaglandin dehydrogenase,Up,3248,1.17729677544734e-4,0.0106211260444411,1,1019941,7551,A_23_P213050,FALSE,chr4
ORAI2,ORAI calcium release-activated calcium modulator 2,Up,80228,1.26947908956183e-4,0.0113505032168501,1,1015478,4102,A_24_P329353,FALSE,chr7
WWC1,WW and C2 domain containing 1,Up,23286,1.33656132047841e-4,0.0118225369496537,1,1045850,30525,CUST_10861_PI416261804,FALSE,chr5
SCN7A,sodium voltage-gated channel alpha subunit 7,Up,6332,1.3458849732979e-4,0.0118225369496537,1,1021659,8968,A_23_P90944,FALSE,chr2
CAVIN3,caveolae associated protein 3,Up,112464,1.43893495937823e-4,0.0124752562895901,1,1036388,21881,A_23_P203475,FALSE,chr11
PECAM1,platelet and endothelial cell adhesion molecule 1,Up,5175,1.44510658037992e-4,0.0124752562895901,1,1053207,45844,A_23_P252471,FALSE,chr17
RHBDD2,rhomboid domain containing 2,Up,57414,1.59497147819553e-4,0.0134686045085732,1,1021251,8656,A_23_P8561,FALSE,chr7
S100A10,S100 calcium binding protein A10,Up,6281,1.67254223069068e-4,0.0138994934826663,1,1051841,35750,A_23_P137984,FALSE,chr1
MYOF,myoferlin,Up,26509,1.78822686613476e-4,0.0146781178995684,1,1030930,16932,A_23_P86682,FALSE,chr10
DUSP23,dual specificity phosphatase 23,Up,54935,1.83507654553647e-4,0.0149402085585384,1,1042493,27487,A_23_P103232,FALSE,chr1
GNAO1,G protein subunit alpha o1,Up,2775,1.87278340118535e-4,0.0150189151932706,1,1056349,39328,A_23_P26582,FALSE,chr16
ZCCHC18,zinc finger CCHC-type containing 18,Up,644353,1.87882132491384e-4,0.0150189151932706,1,1018790,6649,A_24_P6825,FALSE,chrX
ZAP70,zeta chain of T cell receptor associated protein kinase 70,Up,7535,1.88973768159786e-4,0.0150189151932706,1,1027375,13820,A_23_P39682,FALSE,chr2
CDKL5,cyclin dependent kinase like 5,Up,6792,1.94488672899575e-4,0.0153355084284752,1,1022381,9572,CUST_153_PI416408490,FALSE,chrX
ASL,argininosuccinate lyase,Up,435,1.98564965447851e-4,0.0153862212302083,1,1024532,11390,CUST_91_PI416408490,FALSE,chr7
CABCOCO1,ciliary associated calcium binding coiled-coil 1,Up,219621,1.99557607966881e-4,0.0153862212302083,1,1033307,19072,A_32_P8156,FALSE,chr10
PCBD1,pterin-4 alpha-carbinolamine dehydratase 1,Up,5092,2.00917410076102e-4,0.0153862212302083,1,1053334,36943,A_23_P367405,FALSE,chr10
DAPL1,death associated protein like 1,Up,92196,2.10758984664364e-4,0.0158687253566086,1,1025820,45029,A_23_P165598,FALSE,chr2
GABRE,gamma-aminobutyric acid type A receptor epsilon subunit,Up,2564,2.14236097779629e-4,0.0160101513669045,1,1025161,11918,A_23_P159775,FALSE,chrX
CFD,complement factor D,Up,1675,2.27555890402351e-4,0.0167976309609714,1,1057651,40362,A_23_P119562,FALSE,chr19
PTGER3,prostaglandin E receptor 3,Up,5733,2.29805816022876e-4,0.0167976309609714,1,1027786,14197,CUST_12458_PI416261804,FALSE,chr1
KLHL1,kelch like family member 1,Up,57626,2.3530315710696e-4,0.0170748247483268,1,1040501,45442,A_23_P2825,FALSE,chr13
QSOX1,quiescin sulfhydryl oxidase 1,Up,5768,2.40471864208044e-4,0.0172749700489101,1,1052458,36198,A_23_P12463,FALSE,chr1
CPNE4,copine 4,Up,131034,2.50843372228601e-4,0.0178152165212568,1,1035310,20890,CUST_12_PI416261804,FALSE,chr3
CASQ1,calsequestrin 1,Up,844,2.61123728309091e-4,0.0182859651418688,1,1058573,41163,A_23_P173,FALSE,chr1
PBX3,PBX homeobox 3,Up,5090,2.7683723929523e-4,0.0192517230159891,1,1018572,6473,A_23_P71821,FALSE,chr9
TUBB,tubulin beta class I,Up,203068,2.82254666866571e-4,0.0193595769452181,1,1033396,45227,CUST_42_PI417507815,FALSE,chr6_GL000253v2_alt
MTCH1,mitochondrial carrier 1,Up,23787,3.02219734126596e-4,0.0203116001177432,1,1019414,7128,A_23_P145388,TRUE,chr6
THBS4,thrombospondin 4,Up,7060,3.14780515145463e-4,0.0208212240828005,1,1050797,34938,A_24_P260443,FALSE,chr5
CXCL2,C-X-C motif chemokine ligand 2,Up,2920,3.34274246796947e-4,0.0217365084897703,1,1055916,39096,A_23_P315364,FALSE,chr4
RNF152,ring finger protein 152,Up,220441,3.38817097038395e-4,0.0218897703854354,1,1033212,18980,A_32_P4199,FALSE,chr18
HRK,"harakiri, BCL2 interacting protein",Up,8739,3.49451012696243e-4,0.0224320669303858,1,1062391,42624,A_32_P170454,TRUE,chr12
AIRE,autoimmune regulator,Up,326,3.59958344785797e-4,0.0228816960618762,1,1059164,41696,A_23_P68740,FALSE,chr21
GABRA5,gamma-aminobutyric acid type A receptor alpha5 subunit,Up,2558,3.61025362270465e-4,0.0228816960618762,1,1056621,39543,CUST_25_PI417557136,FALSE,chr15
LOC441204,uncharacterized LOC441204,Up,441204,3.73102001982696e-4,0.0230820599629878,1,1011325,763,CUST_481_PI417507815,FALSE,chr7
VAT1L,vesicle amine transport 1 like,Up,57687,3.7474307263002e-4,0.0230820599629878,1,1040458,25653,A_23_P400449,FALSE,chr16
KIF3A,kinesin family member 3A,Up,11127,3.75685551597336e-4,0.0230820599629878,1,1046564,31189,CUST_16746_PI416261804,FALSE,chr5
KCNMB1,potassium calcium-activated channel subfamily M regulatory beta subunit 1,Up,3779,3.75711581183044e-4,0.0230820599629878,1,1054787,38192,A_23_P19142,FALSE,chr5
ACO1,aconitase 1,Up,48,3.99790781782514e-4,0.0244116151754274,1,1012009,1265,A_23_P9416,FALSE,chr9
RHOC,ras homolog family member C,Up,389,4.0463856658815e-4,0.0245578824594772,1,1021134,8562,A_23_P12514,FALSE,chr1
LZTS1,leucine zipper tumor suppressor 1,Up,11178,4.09854398336042e-4,0.0246081273652142,1,1046511,31140,A_23_P20443,FALSE,chr8
ERC2,ELKS/RAB6-interacting/CAST family member 2,Up,26059,4.19255354727115e-4,0.0246966066013961,1,1045067,29810,A_24_P205045,FALSE,chr3
C19orf33,chromosome 19 open reading frame 33,Up,64073,4.23250344414518e-4,0.0247861342044853,1,1036854,22309,A_23_P208788,TRUE,chr19
ROBO2,roundabout guidance receptor 2,Up,6092,4.64062270871487e-4,0.0268619628931044,1,1019771,7410,A_24_P16326,FALSE,chr3
TSPAN2,tetraspanin 2,Up,10100,4.68534522050734e-4,0.0268664994836384,1,1047840,32324,A_23_P201193,FALSE,chr1
CD63,CD63 molecule,Up,967,4.82993738176223e-4,0.0273259847124107,1,1023015,10048,A_23_P139476,FALSE,chr12
GSG1L,GSG1 like,Up,146395,4.86857058043676e-4,0.0273379607175772,1,1034687,20319,A_23_P368251,FALSE,chr16
GRIK4,glutamate ionotropic receptor kainate type subunit 4,Up,2900,4.97850826361205e-4,0.0273379607175772,1,1055988,39123,CUST_1317_PI417557136,FALSE,chr11
RBM3,RNA binding motif protein 3,Up,5935,5.001902966412e-4,0.0273379607175772,1,1052269,36028,A_23_P148308,FALSE,chrX
CREG2,cellular repressor of E1A stimulated genes 2,Up,200407,5.0306949752356e-4,0.0273379607175772,1,1033529,19266,CUST_8498_PI416261804,FALSE,chr2
MS4A4A,membrane spanning 4-domains A4A,Up,51338,5.21161646862969e-4,0.0278278213376446,1,1043488,28385,A_23_P75769,FALSE,chr11
ITGA8,integrin subunit alpha 8,Up,8516,5.2243163685612e-4,0.0278278213376446,1,1049618,45702,CUST_5678_PI416261804,FALSE,chr10
TMSB10,thymosin beta 10,Up,9168,5.28290946429963e-4,0.0279910345902098,1,1048908,33265,A_23_P68106,FALSE,chr2
TNNT1,"troponin T1, slow skeletal type",Up,7138,5.4653581114694e-4,0.0288053137517129,1,1017512,5631,CUST_14183_PI416261804,FALSE,chr19
GPR160,G protein-coupled receptor 160,Up,26996,5.72730889107658e-4,0.0295562550954987,1,1044734,29508,A_23_P167005,FALSE,chr3
TLL1,tolloid like 1,Up,7092,5.77270302603646e-4,0.0295562550954987,1,1050755,34901,CUST_15232_PI416261804,FALSE,chr4
JAML,junction adhesion molecule like,Up,120425,6.04953927648445e-4,0.0304481936707924,1,1035867,21405,A_24_P192914,FALSE,chr11
SAMD4A,sterile alpha motif domain containing 4A,Up,23034,6.05071953314128e-4,0.0304481936707924,1,1017387,5531,A_23_P335661,FALSE,chr14
COL1A2,collagen type I alpha 2 chain,Up,1278,6.21317554014703e-4,0.0309545969447922,1,1058099,40762,A_24_P277934,FALSE,chr7
ZCCHC12,zinc finger CCHC-type containing 12,Up,170261,6.30014281564531e-4,0.0310786355447646,1,1033734,19439,CUST_8934_PI416261804,FALSE,chrX
PCDH17,protocadherin 17,Up,27253,6.44380851335196e-4,0.0313244167246148,1,1012995,2050,A_24_P911906,FALSE,chr13
P2RX5,purinergic receptor P2X 5,Up,5026,6.48258471619515e-4,0.0313606779458832,1,1029745,15885,A_23_P433785,FALSE,chr17
AEBP1,AE binding protein 1,Up,165,6.65433085528994e-4,0.0320367640311892,1,1059329,41844,A_23_P157299,FALSE,chr7
COPS4,COP9 signalosome subunit 4,Up,51138,6.87726137433631e-4,0.0328348319751201,1,1043718,28598,A_23_P340457,FALSE,chr4
ZNRD2,zinc ribbon domain containing 2,Up,10534,6.88567477009708e-4,0.0328348319751201,1,1047286,31821,CUST_2095_PI416261804,FALSE,chr11
PSMB1,proteasome 20S subunit beta 1,Up,5689,6.96493244248115e-4,0.0330553713170646,1,1052563,36287,A_24_P233570,FALSE,chr6
CYTL1,cytokine like 1,Up,54360,7.06987235377542e-4,0.0333951423352392,1,1042963,27910,A_23_P10647,FALSE,chr4
HGF,hepatocyte growth factor,Up,3082,7.12105151583316e-4,0.0334789717744382,1,1028136,14517,CUST_1396_PI416379584,FALSE,chr7
AKAP14,A-kinase anchoring protein 14,Up,158798,7.34813362045987e-4,0.0342252139885047,1,1028124,14506,CUST_134_PI416379584,FALSE,chrX
TMEM200A,transmembrane protein 200A,Up,114801,7.42223301237209e-4,0.0344102969379139,1,1036234,21735,A_32_P40288,FALSE,chr6
GTF2H5,general transcription factor IIH subunit 5,Up,404672,7.77738424729689e-4,0.0355844168306496,1,1031127,17110,A_24_P196117,FALSE,chr6
FAM189A1,family with sequence similarity 189 member A1,Up,23359,7.81467466924789e-4,0.0355844168306496,1,1016847,5107,A_32_P143000,FALSE,chr15_KN538374v1_fix
STIM1,stromal interaction molecule 1,Up,6786,7.84183565824123e-4,0.0355844168306496,1,1051060,35162,A_23_P53162,FALSE,chr11
RTN4RL2,reticulon 4 receptor like 2,Up,349667,7.85316169320308e-4,0.0355844168306496,1,1064798,43247,A_23_P139104,TRUE,chr11
GNB2,G protein subunit beta 2,Up,2783,8.05863007452395e-4,0.0360263935563763,1,1056338,39319,CUST_6535_PI416261804,FALSE,chr7
CNIH2,cornichon family AMPA receptor auxiliary protein 2,Up,254263,8.11083337088233e-4,0.0360986157226736,1,1032920,18712,CUST_856_PI416261804,FALSE,chr11
FCGBP,Fc fragment of IgG binding protein,Up,8857,8.23191774904565e-4,0.0361303150577548,1,1016113,44666,A_23_P21495,FALSE,chr19_KN196484v1_fix
EFR3A,EFR3 homolog A,Up,23167,8.27511222056532e-4,0.0361303150577548,1,1029457,15630,A_23_P71513,FALSE,chr8
SEZ6L,seizure related 6 homolog like,Up,23544,8.27903087077455e-4,0.0361303150577548,1,1045580,30282,A_23_P80242,FALSE,chr22
CRTAC1,cartilage acidic protein 1,Up,55118,8.29835476661035e-4,0.0361303150577548,1,1042272,27282,A_23_P431971,FALSE,chr10
TMEM44,transmembrane protein 44,Up,93109,8.42823938683184e-4,0.0365369650301879,1,1023180,10198,A_23_P428842,FALSE,chr3
NAGK,N-acetylglucosamine kinase,Up,55577,8.57254407875967e-4,0.0370023518985773,1,1041823,26878,A_23_P154208,FALSE,chr2
SLITRK6,SLIT and NTRK like family member 6,Up,84189,8.75869714284108e-4,0.0374446860324987,1,1037792,23179,A_23_P65307,FALSE,chr13
B2M,beta-2-microglobulin,Up,567,8.78719913884281e-4,0.0374446860324987,1,1058905,41462,A_23_P37441,FALSE,chr15
NNAT,neuronatin,Up,4826,8.91556401964594e-4,0.0378307025816671,1,1053687,37245,A_24_P382533,FALSE,chr20
SEZ6,seizure related 6 homolog,Up,124925,9.08534130763332e-4,0.0383884421327595,1,1011196,670,A_23_P49849,FALSE,chr17
BRINP3,BMP/retinoic acid inducible neural specific 3,Up,339479,9.17902448511395e-4,0.0386082763700159,1,1032025,17922,A_23_P103812,FALSE,chr1
CHST1,carbohydrate sulfotransferase 1,Up,8534,9.22467198125084e-4,0.0386082763700159,1,1049594,33884,A_23_P98205,FALSE,chr11
TMTC1,transmembrane O-mannosyltransferase targeting cadherins 1,Up,83857,9.29254359926566e-4,0.0386082763700159,1,1028675,14958,A_32_P2452,FALSE,chr12
FILIP1,filamin A interacting protein 1,Up,27145,9.39853619560334e-4,0.0387312516307703,1,1044615,29403,A_23_P436369,FALSE,chr6
NABP1,nucleic acid binding protein 1,Up,64859,9.6354444154345e-4,0.0395448116295742,1,1019708,7355,A_23_P329198,FALSE,chr2
PACRG,parkin coregulated,Up,135138,9.79248884119986e-4,0.0400252992880716,1,1018495,6415,A_23_P170901,FALSE,chr6
VANGL1,VANGL planar cell polarity protein 1,Up,81839,0.00102399289090119,0.0412879833936127,1,1038230,23590,A_24_P199655,FALSE,chr1
GPRIN2,G protein regulated inducer of neurite outgrowth 2,Up,9721,0.00106524115066379,0.0420664365883094,1,1063742,42991,A_23_P343382,TRUE,chr10
SLC1A6,solute carrier family 1 member 6,Up,6511,0.00110753250739046,0.0434934530549335,1,1051575,35524,A_24_P179467,FALSE,chr19
GBE1,"1,4-alpha-glucan branching enzyme 1",Up,2632,0.0011144256294632,0.0435931963025175,1,1056491,39455,A_23_P121082,FALSE,chr3
LOXL1,lysyl oxidase like 1,Up,4016,0.00111900788743011,0.0436021205631327,1,1054531,37967,A_23_P124084,FALSE,chr15
DGKG,diacylglycerol kinase gamma,Up,1608,0.00112841124299039,0.0437981015011851,1,1020028,7622,A_23_P40926,FALSE,chr3
SYT6,synaptotagmin 6,Up,148281,0.00114634325599764,0.0440517499165576,1,1021194,44889,A_23_P398947,FALSE,chr1
PNCK,pregnancy up-regulated nonubiquitous CaM kinase,Up,139728,0.00114875515095224,0.0440517499165576,1,1017964,5975,A_23_P62377,FALSE,chrX
GNG2,G protein subunit gamma 2,Up,54331,0.00115254228860976,0.0440517499165576,1,1026269,12892,A_23_P32536,FALSE,chr14
SCUBE1,"signal peptide, CUB domain and EGF like domain containing 1",Up,80274,0.00116734738640219,0.0444244117798325,1,1063406,42898,A_23_P343104,TRUE,chr22
SNCA,synuclein alpha,Up,6622,0.00119230121887223,0.0448861067886711,1,1020182,7749,A_23_P29939,FALSE,chr4
FOLR2,folate receptor beta,Up,2350,0.00120994959421062,0.0450580324649901,1,1015893,4397,A_23_P47709,FALSE,chr11
PGM2L1,phosphoglucomutase 2 like 1,Up,283209,0.00121036656012406,0.0450580324649901,1,1032627,18443,A_32_P122703,FALSE,chr11
LY96,lymphocyte antigen 96,Up,23643,0.00122788046769954,0.0454076100716798,1,1045466,30180,A_23_P94230,FALSE,chr8
MS4A7,membrane spanning 4-domains A7,Up,58475,0.00123559662808347,0.0454076100716798,1,1024563,11421,CUST_1406_PI416261804,FALSE,chr11
NUTF2,nuclear transport factor 2,Up,10204,0.00123710232323439,0.0454076100716798,1,1047700,32200,A_23_P118038,FALSE,chr16
KLF6,Kruppel like factor 6,Up,1316,0.00124098683633603,0.0454076100716798,1,1015056,3748,A_24_P69654,TRUE,chr10
KRT17,keratin 17,Up,3872,0.00124358388372437,0.0454076100716798,1,1054679,38099,A_23_P96158,FALSE,chr17
LINC01140,long intergenic non-protein coding RNA 1140,Up,339524,0.00124696352803195,0.0454076100716798,1,1014790,3521,CUST_11622_PI416261804,FALSE,chr1
RBP4,retinol binding protein 4,Up,5950,0.00126315484860446,0.0457554980372825,1,1023114,10134,CUST_17127_PI416261804,FALSE,chr10
BABAM2,BRISC and BRCA1 A complex member 2,Up,9577,0.00126765302424328,0.0457554980372825,1,1048411,32832,A_32_P132796,FALSE,chr2
VWCE,von Willebrand factor C and EGF domains,Up,220001,0.00127304992278662,0.0457554980372825,1,1033252,19018,A_23_P52986,FALSE,chr11
THTPA,thiamine triphosphatase,Up,79178,0.00129262234418788,0.046065196280062,1,1016727,5021,A_23_P54041,FALSE,chr14
MYH10,myosin heavy chain 10,Up,4628,0.0012981306123654,0.0460974466391033,1,1053922,45867,A_23_P164081,FALSE,chr17
CRIP2,cysteine rich protein 2,Up,1397,0.00130567643014609,0.0462015680971128,1,1057957,40638,CUST_942_PI416261804,FALSE,chr14
ACOT7,acyl-CoA thioesterase 7,Up,11332,0.00131680264701664,0.0463726742283982,1,1024733,11550,A_24_P205589,FALSE,chr1
BLNK,B cell linker,Up,29760,0.00131977353256376,0.0463726742283982,1,1017514,5633,A_24_P64344,FALSE,chr10
ADAM28,ADAM metallopeptidase domain 28,Up,10863,0.00132509216725416,0.0463967586114795,1,1046903,31485,CUST_9842_PI416261804,FALSE,chr8
WFDC1,WAP four-disulfide core domain 1,Up,58189,0.00134149959154953,0.0466450587145035,1,1040357,25558,CUST_11293_PI416261804,FALSE,chr16
KANK4,KN motif and ankyrin repeat domains 4,Up,163782,0.00136337981169113,0.0468666515087107,1,1033893,19593,A_32_P51237,FALSE,chr1
TUSC3,tumor suppressor candidate 3,Up,7991,0.00136659299386294,0.0468666515087107,1,1050015,34266,A_24_P95154,FALSE,chr8
MFAP4,microfibril associated protein 4,Up,4239,0.00137532664346636,0.0469527477544855,1,1054192,37699,A_23_P164057,FALSE,chr17
BMP6,bone morphogenetic protein 6,Up,654,0.00137848091070688,0.0469527477544855,1,1058800,41362,A_23_P19624,FALSE,chr6
PTPRM,protein tyrosine phosphatase receptor type M,Up,5797,0.0013976877746968,0.0473733059964961,1,1052429,36172,A_23_P159255,FALSE,chr18
RCN2,reticulocalbin 2,Up,5955,0.00140028945226312,0.0473733059964961,1,1052253,36015,CUST_10683_PI416261804,FALSE,chr15
PRKCB,protein kinase C beta,Up,5579,0.00143829398829757,0.0483324697946708,1,1052695,36400,A_24_P935330,FALSE,chr16
STING1,stimulator of interferon response cGAMP interactor 1,Up,340061,0.00145488944593484,0.0484170200875126,1,1031986,17883,A_23_P61371,FALSE,chr5
GABRA3,gamma-aminobutyric acid type A receptor alpha3 subunit,Up,2556,0.0014556495788663,0.0484170200875126,1,1056789,39666,A_23_P125618,FALSE,chrX
B3GLCT,beta 3-glucosyltransferase,Up,145173,0.00150323604494051,0.0496810761743789,1,1034750,20379,A_32_P85835,FALSE,chr13
