Annotation Cluster 1	Enrichment Score: 3.721690605661343
Category	Term	Count	%	PValue	Genes	List Total	Pop Hits	Pop Total	Fold Enrichment	Bonferroni	Benjamini	FDR
GOTERM_CC_ALL	GO:0031988~membrane-bounded vesicle	68	30.08849557522124	3.454662824481787E-5	3082, 349667, 7200, 148281, 92304, 48, 23167, 3119, 203068, 51760, 2786, 435, 55686, 2783, 1012, 3872, 8407, 5579, 10574, 115827, 6482, 6124, 5950, 254263, 6281, 284, 80309, 165, 3248, 2632, 55577, 567, 80115, 8857, 967, 51138, 5321, 7060, 6092, 4191, 4628, 1675, 59345, 1278, 54935, 11127, 131034, 8685, 5175, 26509, 9332, 5650, 132204, 246213, 2023, 57452, 5092, 3108, 389, 301, 1004, 5689, 11332, 55118, 5768, 4239, 5604, 103910	214	3611	18224	1.603656532350528	0.016513888194375936	0.0027752458023337016	0.26485748321027036
GOTERM_CC_ALL	GO:0031982~vesicle	69	30.53097345132743	6.413887418417298E-5	3082, 349667, 7200, 148281, 92304, 48, 23167, 3119, 203068, 51760, 2786, 435, 55686, 2783, 1012, 3872, 8407, 5579, 10574, 115827, 6482, 6124, 5950, 135138, 254263, 6281, 284, 80309, 165, 3248, 2632, 55577, 567, 80115, 8857, 967, 51138, 5321, 7060, 6092, 4191, 4628, 1675, 59345, 1278, 54935, 11127, 131034, 8685, 5175, 26509, 9332, 5650, 132204, 246213, 2023, 57452, 5092, 3108, 389, 301, 1004, 5689, 11332, 55118, 5768, 4239, 5604, 103910	214	3754	18224	1.565253760474808	0.03044291854606873	0.003864367169596422	0.36879852655899464
GOTERM_CC_ALL	GO:0044421~extracellular region part	69	30.53097345132743	1.7822446232466205E-4	3082, 25903, 349667, 92304, 48, 6750, 23167, 23643, 203068, 2786, 435, 2783, 1012, 3872, 8407, 5579, 10574, 131375, 6482, 7056, 6124, 5950, 23213, 6281, 284, 80309, 165, 3248, 2632, 55577, 567, 8857, 4852, 967, 5502, 51138, 2331, 7060, 6092, 4191, 4628, 2920, 1675, 59345, 1278, 56999, 54935, 11127, 124925, 131034, 5175, 26509, 5650, 7038, 2023, 57452, 5092, 3108, 389, 301, 1004, 5689, 11332, 55118, 5768, 4239, 123904, 5604, 103910	214	3878	18224	1.5152043880408534	0.08232487640562103	0.0078094718945897375	0.7453022969940414
GOTERM_CC_ALL	GO:0005576~extracellular region	78	34.51327433628318	2.9245663279135487E-4	3082, 25903, 349667, 7200, 92304, 48, 6750, 118429, 23167, 2350, 23643, 203068, 2786, 435, 2783, 1012, 3872, 8407, 5579, 10574, 131375, 6482, 7056, 6124, 5950, 23213, 7092, 6281, 284, 80309, 165, 3248, 2632, 55577, 567, 8857, 4852, 967, 5502, 51138, 200407, 2331, 7060, 6092, 4191, 4628, 2920, 1675, 577, 59345, 1278, 56999, 54935, 11127, 124925, 131034, 5175, 26509, 9332, 5650, 7038, 220001, 2023, 57452, 5092, 339479, 3108, 389, 301, 1004, 5689, 11332, 55118, 5768, 4239, 123904, 5604, 103910	214	4623	18224	1.4368143031288094	0.1314974124452818	0.011747008083786087	1.1210837590335272
GOTERM_CC_ALL	GO:0070062~extracellular exosome	53	23.451327433628318	3.9128869397964995E-4	349667, 92304, 48, 23167, 203068, 2786, 435, 2783, 1012, 3872, 8407, 5579, 10574, 6482, 6124, 5950, 6281, 284, 80309, 165, 3248, 2632, 55577, 567, 8857, 967, 51138, 7060, 6092, 4191, 4628, 1675, 59345, 1278, 54935, 11127, 131034, 5175, 26509, 2023, 57452, 5092, 3108, 389, 301, 1004, 5689, 11332, 55118, 5768, 4239, 5604, 103910	214	2811	18224	1.60562808991379	0.17191382909890884	0.013407145953333801	1.2795201532227278
GOTERM_CC_ALL	GO:1903561~extracellular vesicle	53	23.451327433628318	4.412689725737986E-4	349667, 92304, 48, 23167, 203068, 2786, 435, 2783, 1012, 3872, 8407, 5579, 10574, 6482, 6124, 5950, 6281, 284, 80309, 165, 3248, 2632, 55577, 567, 8857, 967, 51138, 7060, 6092, 4191, 4628, 1675, 59345, 1278, 54935, 11127, 131034, 5175, 26509, 2023, 57452, 5092, 3108, 389, 301, 1004, 5689, 11332, 55118, 5768, 4239, 5604, 103910	214	2825	18224	1.5976709949549253	0.19163257159808755	0.013407145953333801	1.2795201532227278
GOTERM_CC_ALL	GO:0043230~extracellular organelle	53	23.451327433628318	4.450504880774706E-4	349667, 92304, 48, 23167, 203068, 2786, 435, 2783, 1012, 3872, 8407, 5579, 10574, 6482, 6124, 5950, 6281, 284, 80309, 165, 3248, 2632, 55577, 567, 8857, 967, 51138, 7060, 6092, 4191, 4628, 1675, 59345, 1278, 54935, 11127, 131034, 5175, 26509, 2023, 57452, 5092, 3108, 389, 301, 1004, 5689, 11332, 55118, 5768, 4239, 5604, 103910	214	2826	18224	1.5971056478229526	0.1931052852972479	0.013407145953333801	1.2795201532227278

Annotation Cluster 2	Enrichment Score: 2.4471767430334204
Category	Term	Count	%	PValue	Genes	List Total	Pop Hits	Pop Total	Fold Enrichment	Bonferroni	Benjamini	FDR
GOTERM_CC_ALL	GO:0097458~neuron part	40	17.699115044247787	8.561000353080441E-8	148281, 6792, 6014, 6750, 5961, 26059, 6092, 23544, 4628, 2900, 51760, 1012, 4986, 57626, 6604, 5935, 11127, 124925, 115827, 5372, 132204, 6002, 6786, 135138, 246213, 23034, 80228, 254263, 339479, 84628, 81544, 2558, 64919, 2775, 8516, 51138, 55118, 11178, 40, 123904	214	1333	18224	2.5554052064417974	4.1263172119943015E-5	4.1264021701847726E-5	0.003938060162417003
GOTERM_CC_ALL	GO:0044297~cell body	21	9.29203539823009	9.629477430512512E-7	5372, 6014, 6750, 135138, 246213, 23544, 339479, 81544, 4628, 2558, 203068, 2775, 2783, 8516, 10574, 11178, 4986, 40, 57626, 11127, 124925	214	480	18224	3.725700934579439	4.640333388581386E-4	2.3207040607535153E-4	0.022147798090178777
GOTERM_CC_ALL	GO:0043005~neuron projection	30	13.274336283185843	2.933507828318991E-6	6792, 6014, 26059, 6092, 4628, 1012, 4986, 57626, 5935, 11127, 124925, 132204, 6002, 6786, 135138, 246213, 23034, 80228, 254263, 339479, 84628, 81544, 2558, 64919, 2775, 8516, 55118, 11178, 40, 123904	214	966	18224	2.6446856678469843	0.0014129536868213721	4.713169244165845E-4	0.04498045336755786
GOTERM_CC_ALL	GO:0045202~synapse	23	10.176991150442479	7.819178259619921E-5	115827, 148281, 132204, 6002, 246213, 23034, 26059, 254263, 146395, 4628, 2900, 2558, 2556, 51760, 577, 2564, 8516, 51138, 11178, 4986, 40, 11127, 124925	214	755	18224	2.594243980937055	0.036988487812473325	0.004187604356818669	0.3996468888250182
GOTERM_CC_ALL	GO:0036477~somatodendritic compartment	21	9.29203539823009	1.0324513000179578E-4	5372, 6792, 6002, 6750, 246213, 23034, 254263, 23544, 339479, 81544, 4628, 2558, 2775, 8516, 11178, 4986, 40, 57626, 5935, 11127, 124925	214	662	18224	2.701414574921648	0.04854864851835261	0.004976415266086557	0.4749275980082606
GOTERM_CC_ALL	GO:0044456~synapse part	18	7.964601769911504	8.077009647596123E-4	115827, 148281, 132204, 246213, 26059, 254263, 4628, 2900, 2558, 2556, 51760, 577, 2564, 8516, 51138, 11178, 40, 124925	214	607	18224	2.525304469660811	0.3225836303711399	0.02290069794200783	2.185543786996598
GOTERM_CC_ALL	GO:0030425~dendrite	15	6.637168141592921	0.0012117295572762776	6792, 6002, 246213, 23034, 254263, 339479, 4628, 2558, 2775, 11178, 4986, 40, 57626, 5935, 124925	214	466	18224	2.7411656171032046	0.4425641169554504	0.031462694309363486	3.0026637722629053
GOTERM_CC_ALL	GO:0043025~neuronal cell body	14	6.1946902654867255	0.0013556727081872784	5372, 6750, 246213, 23544, 339479, 81544, 4628, 2558, 8516, 4986, 40, 57626, 11127, 124925	214	419	18224	2.845404055048736	0.4799745714500051	0.03267171226731341	3.1180472288307404
GOTERM_CC_ALL	GO:0042995~cell projection	37	16.371681415929203	0.0014898010207347063	6792, 6014, 6332, 5961, 26059, 6092, 8470, 4628, 1012, 23286, 5797, 4986, 57626, 5935, 11127, 124925, 132204, 6002, 6786, 135138, 246213, 23034, 80228, 254263, 339479, 84628, 284, 81544, 2558, 64919, 2775, 301, 8516, 55118, 11178, 40, 123904	214	1846	18224	1.7068680957057947	0.5125753307302698	0.034194480571148975	3.2633736644664997
GOTERM_CC_ALL	GO:0030426~growth cone	7	3.0973451327433628	0.006527151748514264	4628, 81544, 6792, 6786, 26059, 80228, 55118	214	142	18224	4.197972884033171	0.9574212312066419	0.11426603590591194	10.905057368614003
GOTERM_CC_ALL	GO:0034702~ion channel complex	10	4.424778761061947	0.0066378610069824364	2900, 2558, 2556, 7223, 6332, 2564, 10021, 254263, 3754, 3779	214	286	18224	2.9775831644990527	0.9596480266633921	0.11426603590591194	10.905057368614003
GOTERM_CC_ALL	GO:0030427~site of polarized growth	7	3.0973451327433628	0.007687799486408376	4628, 81544, 6792, 6786, 26059, 80228, 55118	214	147	18224	4.0551846906987095	0.9757620676953176	0.12777652939478748	12.194440564647769
GOTERM_CC_ALL	GO:0098794~postsynapse	11	4.867256637168142	0.013256949655939529	4628, 2900, 2558, 2556, 577, 2564, 8516, 254263, 11178, 40, 124925	214	376	18224	2.491350169019686	0.9983917084070476	0.17749582594896815	16.939435671478286
GOTERM_CC_ALL	GO:0098590~plasma membrane region	20	8.849557522123893	0.013829014171732485	6792, 26509, 7056, 7223, 112464, 26059, 6092, 254263, 8470, 2900, 2558, 2556, 301, 3248, 2564, 55686, 1012, 23286, 8516, 11178	214	936	18224	1.8196341560827543	0.9987838965598907	0.18015094137229884	17.192828429721466
GOTERM_CC_ALL	GO:1902495~transmembrane transporter complex	10	4.424778761061947	0.014218510770864435	2900, 2558, 2556, 7223, 6332, 2564, 10021, 254263, 3754, 3779	214	324	18224	2.6283604476750897	0.9989947419731324	0.1803505839883331	17.211881459467474
GOTERM_CC_ALL	GO:0043235~receptor complex	10	4.424778761061947	0.015384045464231671	2900, 2558, 2556, 2564, 567, 8516, 26996, 7535, 254263, 23643	214	328	18224	2.5963072714839295	0.9994316305534281	0.18879241252082812	18.01753314514127
GOTERM_CC_ALL	GO:1990351~transporter complex	10	4.424778761061947	0.015815175880463217	2900, 2558, 2556, 7223, 6332, 2564, 10021, 254263, 3754, 3779	214	330	18224	2.5805720758991786	0.9995397942223169	0.18879241252082812	18.01753314514127
GOTERM_CC_ALL	GO:0098797~plasma membrane protein complex	13	5.752212389380531	0.02141183031035205	6332, 254263, 2900, 3108, 3119, 2786, 2775, 567, 8516, 10021, 7535, 3754, 3779	214	527	18224	2.1006933976484774	0.9999705434894754	0.21062249407325892	20.100901924003967
GOTERM_CC_ALL	GO:0098796~membrane protein complex	21	9.29203539823009	0.026828329884178975	5294, 7991, 7223, 6332, 254263, 23643, 2900, 3108, 3119, 2558, 2556, 2786, 2775, 2564, 80115, 567, 8516, 10021, 7535, 3754, 3779	214	1074	18224	1.665117736124889	0.999997970829058	0.2535540196896915	24.19810146416143
GOTERM_CC_ALL	GO:0043197~dendritic spine	5	2.2123893805309733	0.03797127117561336	4628, 254263, 11178, 40, 124925	214	108	18224	3.9425406715126337	0.9999999921180082	0.3265046081903444	31.160190823144895
GOTERM_CC_ALL	GO:0044309~neuron spine	5	2.2123893805309733	0.04018798167587827	4628, 254263, 11178, 40, 124925	214	110	18224	3.870858113848768	0.9999999974073701	0.3339759856512642	31.873226846386217
GOTERM_CC_ALL	GO:0097060~synaptic membrane	8	3.5398230088495577	0.043877875218058526	2900, 2558, 2556, 2564, 8516, 26059, 254263, 11178	214	276	18224	2.4683732899905184	0.9999999995950108	0.35248559758507014	33.639704333844875
GOTERM_CC_ALL	GO:0044463~cell projection part	18	7.964601769911504	0.05462374062445627	6792, 6786, 135138, 246213, 26059, 6092, 80228, 254263, 81544, 4628, 23286, 8516, 11178, 55118, 4986, 40, 11127, 124925	214	952	18224	1.610146862483311	0.9999999999982564	0.38157453595634666	36.41582708297085
GOTERM_CC_ALL	GO:0045211~postsynaptic membrane	6	2.6548672566371683	0.10343098566977407	2900, 2558, 2556, 2564, 254263, 11178	214	212	18224	2.410156938811497	1.0	0.6044235713826773	57.68357735187376
GOTERM_CC_ALL	GO:0034703~cation channel complex	5	2.2123893805309733	0.14481064702279398	7223, 6332, 10021, 3754, 3779	214	173	18224	2.4612392631408353	1.0	0.6979391151066248	66.60829729233349
GOTERM_CC_ALL	GO:0098802~plasma membrane receptor complex	5	2.2123893805309733	0.1488596431600561	2900, 567, 8516, 7535, 254263	214	175	18224	2.4331108144192255	1.0	0.7034347843445788	67.13278024865275
GOTERM_CC_ALL	GO:0030424~axon	8	3.5398230088495577	0.22095406028692482	4628, 81544, 246213, 6092, 4986, 123904, 84628, 11127	214	418	18224	1.6298349953047442	1.0	0.8729496480188342	83.31054732129954

Annotation Cluster 3	Enrichment Score: 2.203061953335182
Category	Term	Count	%	PValue	Genes	List Total	Pop Hits	Pop Total	Fold Enrichment	Bonferroni	Benjamini	FDR
GOTERM_CC_ALL	GO:0044459~plasma membrane part	55	24.336283185840706	1.8377214128256837E-5	349667, 6792, 6511, 5026, 118429, 2350, 23643, 2900, 3119, 2786, 55686, 1012, 23286, 5733, 3754, 7056, 254263, 6281, 94233, 84628, 2558, 2556, 3248, 567, 844, 10021, 967, 10100, 7223, 6332, 5961, 112464, 1043, 26059, 6092, 8470, 2564, 5797, 7535, 4986, 3779, 8685, 5175, 26509, 7991, 9332, 6786, 3108, 147, 301, 2775, 8516, 11178, 40, 123904	214	2635	18224	1.77750979801025	0.00881878299720762	0.002214454302454949	0.21133796247495362
GOTERM_CC_ALL	GO:0071944~cell periphery	90	39.823008849557525	3.338442036731435E-5	349667, 7200, 148281, 6792, 9500, 6511, 5026, 26996, 27128, 118429, 23167, 2350, 23643, 2900, 3119, 51760, 2786, 55686, 2783, 1012, 23286, 3872, 5579, 5733, 3754, 120425, 115827, 7056, 6002, 23213, 254263, 6281, 94233, 84628, 284, 146395, 27253, 2558, 2556, 3248, 567, 26960, 80115, 27255, 844, 10021, 8935, 967, 10100, 6014, 7223, 6332, 5961, 112464, 1043, 26059, 6092, 4191, 8470, 4628, 577, 59345, 2564, 1397, 5797, 7535, 4986, 10633, 3779, 124925, 5294, 8685, 5175, 26509, 7991, 9332, 6786, 2023, 3108, 389, 147, 301, 2775, 1004, 8516, 1608, 11178, 40, 123904, 5604	214	5256	18224	1.458199974395084	0.01596278175180177	0.0027752458023337016	0.26485748321027036
GOTERM_CC_ALL	GO:0005886~plasma membrane	88	38.93805309734513	4.540266333804763E-5	349667, 7200, 148281, 6792, 9500, 6511, 5026, 26996, 27128, 118429, 23167, 2350, 23643, 2900, 3119, 51760, 2786, 55686, 2783, 1012, 23286, 5579, 5733, 3754, 120425, 115827, 7056, 6002, 23213, 254263, 6281, 94233, 84628, 284, 146395, 27253, 2558, 2556, 3248, 567, 26960, 80115, 27255, 844, 10021, 8935, 967, 10100, 6014, 7223, 6332, 5961, 112464, 1043, 26059, 6092, 4191, 8470, 4628, 577, 59345, 2564, 5797, 7535, 4986, 10633, 3779, 124925, 5294, 8685, 5175, 26509, 7991, 9332, 6786, 2023, 3108, 389, 147, 301, 2775, 1004, 8516, 1608, 11178, 40, 123904, 5604	214	5141	18224	1.457689420037194	0.021646850474766666	0.0031262976755627083	0.29836035907859865
GOTERM_CC_ALL	GO:0034702~ion channel complex	10	4.424778761061947	0.0066378610069824364	2900, 2558, 2556, 7223, 6332, 2564, 10021, 254263, 3754, 3779	214	286	18224	2.9775831644990527	0.9596480266633921	0.11426603590591194	10.905057368614003
GOTERM_CC_ALL	GO:0031226~intrinsic component of plasma membrane	32	14.15929203539823	0.008619762846520319	349667, 7223, 6332, 6511, 5961, 5026, 1043, 2350, 23643, 2900, 5797, 5733, 3754, 4986, 3779, 8685, 7056, 9332, 7991, 6786, 254263, 94233, 84628, 2558, 2556, 147, 8516, 10021, 967, 10100, 40, 123904	214	1701	18224	1.6020482728686258	0.9845899538690837	0.1365864021446096	13.035216802182658
GOTERM_CC_ALL	GO:1902495~transmembrane transporter complex	10	4.424778761061947	0.014218510770864435	2900, 2558, 2556, 7223, 6332, 2564, 10021, 254263, 3754, 3779	214	324	18224	2.6283604476750897	0.9989947419731324	0.1803505839883331	17.211881459467474
GOTERM_CC_ALL	GO:1990351~transporter complex	10	4.424778761061947	0.015815175880463217	2900, 2558, 2556, 7223, 6332, 2564, 10021, 254263, 3754, 3779	214	330	18224	2.5805720758991786	0.9995397942223169	0.18879241252082812	18.01753314514127
GOTERM_CC_ALL	GO:0044425~membrane part	99	43.80530973451327	0.017430008915335242	6511, 5026, 118429, 3119, 2786, 55686, 23286, 3754, 6482, 7056, 1592, 254263, 80228, 23213, 94233, 27253, 2558, 2556, 3248, 80115, 27255, 10021, 148808, 6014, 7223, 5321, 5961, 6092, 23544, 256130, 23787, 2564, 5797, 4986, 3779, 124925, 5294, 8685, 5175, 7991, 6786, 246213, 92196, 57414, 301, 147, 1004, 11178, 40, 349667, 148281, 6792, 26996, 2350, 23643, 2900, 727936, 84885, 1012, 5733, 93109, 120425, 135138, 7092, 6281, 84628, 284, 146395, 1545, 567, 844, 967, 10100, 51338, 8739, 6332, 375057, 112464, 1043, 26059, 114801, 8470, 83857, 577, 7535, 9332, 26509, 132204, 220441, 57452, 23359, 81544, 3108, 79623, 2775, 8516, 5768, 123904, 10446	214	7057	18224	1.1946618920168084	0.9997914524353337	0.18986786108465017	18.12016931513259
GOTERM_CC_ALL	GO:0098796~membrane protein complex	21	9.29203539823009	0.026828329884178975	5294, 7991, 7223, 6332, 254263, 23643, 2900, 3108, 3119, 2558, 2556, 2786, 2775, 2564, 80115, 567, 8516, 10021, 7535, 3754, 3779	214	1074	18224	1.665117736124889	0.999997970829058	0.2535540196896915	24.19810146416143
GOTERM_CC_ALL	GO:0016020~membrane	125	55.309734513274336	0.03719746611473122	3082, 7200, 9500, 6511, 5026, 27128, 23167, 118429, 3119, 51760, 2786, 55686, 2783, 23286, 3754, 115827, 6482, 7056, 6124, 6002, 1592, 254263, 80228, 23213, 94233, 27253, 2558, 2556, 3248, 26960, 80115, 27255, 10021, 8935, 148808, 6014, 7223, 5321, 5961, 6092, 23544, 4191, 2172, 256130, 23787, 4628, 51386, 2564, 5797, 4986, 10633, 3779, 124925, 5294, 8685, 5175, 7991, 6786, 246213, 92196, 57414, 301, 389, 147, 1004, 11178, 40, 5604, 349667, 148281, 6792, 26996, 2350, 23643, 2900, 727936, 84885, 57664, 1012, 5733, 5579, 93109, 120425, 54836, 135138, 7092, 6281, 84628, 284, 146395, 1545, 567, 844, 967, 10100, 51338, 8739, 132671, 6332, 375057, 112464, 1043, 26059, 114801, 8470, 83857, 577, 59345, 7535, 9332, 26509, 132204, 220441, 2023, 57452, 23359, 81544, 3108, 79623, 2775, 8516, 1608, 5768, 123904, 10446	214	9462	18224	1.125011605694791	0.9999999883870584	0.3265046081903444	31.160190823144895
GOTERM_CC_ALL	GO:0005887~integral component of plasma membrane	27	11.946902654867257	0.06623805809096316	7223, 6332, 6511, 5961, 5026, 1043, 2900, 5797, 5733, 3754, 4986, 3779, 8685, 7056, 9332, 7991, 6786, 254263, 94233, 2558, 2556, 147, 8516, 10021, 967, 10100, 40	214	1635	18224	1.4062934064991854	0.9999999999999954	0.4373526575321129	41.739050303894594
GOTERM_CC_ALL	GO:0031224~intrinsic component of membrane	78	34.51327433628318	0.1663755249870833	349667, 148281, 6511, 5026, 26996, 118429, 2350, 23643, 2900, 3119, 727936, 84885, 1012, 5733, 3754, 93109, 120425, 6482, 7056, 135138, 254263, 7092, 80228, 6281, 94233, 84628, 146395, 27253, 2558, 1545, 2556, 27255, 10021, 967, 10100, 51338, 8739, 148808, 7223, 6332, 375057, 5961, 1043, 6092, 23544, 256130, 23787, 114801, 83857, 577, 2564, 5797, 4986, 3779, 124925, 8685, 5175, 26509, 7991, 9332, 132204, 6786, 220441, 246213, 57452, 23359, 92196, 81544, 3108, 57414, 79623, 147, 1004, 8516, 5768, 40, 123904, 10446	214	5981	18224	1.1105822643980081	1.0	0.7318510296149653	69.84470407113777
GOTERM_CC_ALL	GO:0016021~integral component of membrane	73	32.30088495575221	0.33360804696738255	148281, 6511, 5026, 26996, 118429, 23643, 2900, 3119, 727936, 84885, 5733, 3754, 93109, 120425, 6482, 7056, 135138, 254263, 7092, 80228, 6281, 94233, 146395, 27253, 2558, 1545, 2556, 27255, 10021, 967, 10100, 51338, 8739, 148808, 7223, 6332, 375057, 5961, 1043, 6092, 23544, 256130, 23787, 114801, 83857, 577, 2564, 5797, 4986, 3779, 124925, 8685, 5175, 26509, 7991, 9332, 132204, 6786, 220441, 246213, 57452, 23359, 92196, 81544, 3108, 57414, 79623, 147, 1004, 8516, 5768, 40, 10446	214	5872	18224	1.0586849677862944	1.0	1.0	95.63409563409564

Annotation Cluster 4	Enrichment Score: 2.157054509023833
Category	Term	Count	%	PValue	Genes	List Total	Pop Hits	Pop Total	Fold Enrichment	Bonferroni	Benjamini	FDR
GOTERM_CC_ALL	GO:0098805~whole membrane	30	13.274336283185843	0.001240230688543374	349667, 148281, 132671, 6014, 7223, 112464, 118429, 23643, 3119, 59345, 2783, 1012, 7535, 93109, 8685, 5175, 26509, 7056, 9332, 132204, 246213, 220441, 23213, 254263, 6281, 284, 3108, 301, 567, 967	214	1363	18224	1.874370033118259	0.4501788294911777	0.031462694309363486	3.0026637722629053
GOTERM_CC_ALL	GO:0045121~membrane raft	11	4.867256637168142	0.0016032673325841029	349667, 5175, 26509, 6014, 7223, 112464, 1012, 7535, 23213, 6281, 284	214	277	18224	3.381760518236108	0.5385561955256462	0.03448681322191699	3.291272631137306
GOTERM_CC_ALL	GO:0098857~membrane microdomain	11	4.867256637168142	0.001645636315568653	349667, 5175, 26509, 6014, 7223, 112464, 1012, 7535, 23213, 6281, 284	214	278	18224	3.369595912055402	0.547899183046388	0.03448681322191699	3.291272631137306
GOTERM_CC_ALL	GO:0098589~membrane region	11	4.867256637168142	0.009067976905866196	349667, 5175, 26509, 6014, 7223, 112464, 1012, 7535, 23213, 6281, 284	214	354	18224	2.6461798405406833	0.9876079790695048	0.1365864021446096	13.035216802182658
GOTERM_CC_ALL	GO:0005901~caveola	4	1.7699115044247788	0.05397014616934287	26509, 7223, 112464, 1012	214	73	18224	4.666239918064268	0.9999999999975671	0.38157453595634666	36.41582708297085
GOTERM_CC_ALL	GO:0044853~plasma membrane raft	4	1.7699115044247788	0.0713126649569672	26509, 7223, 112464, 1012	214	82	18224	4.1540916343742875	0.9999999999999997	0.4522724277533972	43.162928789743304

Annotation Cluster 5	Enrichment Score: 1.4808129536078172
Category	Term	Count	%	PValue	Genes	List Total	Pop Hits	Pop Total	Fold Enrichment	Bonferroni	Benjamini	FDR
GOTERM_CC_ALL	GO:0044456~synapse part	18	7.964601769911504	8.077009647596123E-4	115827, 148281, 132204, 246213, 26059, 254263, 4628, 2900, 2558, 2556, 51760, 577, 2564, 8516, 51138, 11178, 40, 124925	214	607	18224	2.525304469660811	0.3225836303711399	0.02290069794200783	2.185543786996598
GOTERM_CC_ALL	GO:0098805~whole membrane	30	13.274336283185843	0.001240230688543374	349667, 148281, 132671, 6014, 7223, 112464, 118429, 23643, 3119, 59345, 2783, 1012, 7535, 93109, 8685, 5175, 26509, 7056, 9332, 132204, 246213, 220441, 23213, 254263, 6281, 284, 3108, 301, 567, 967	214	1363	18224	1.874370033118259	0.4501788294911777	0.031462694309363486	3.0026637722629053
GOTERM_CC_ALL	GO:0044433~cytoplasmic vesicle part	16	7.079646017699115	0.005920440741166147	3082, 8685, 5175, 148281, 26509, 9332, 132204, 246213, 254263, 3119, 1675, 301, 80115, 567, 967, 5768	214	615	18224	2.2155155383329532	0.9428532848328003	0.10975586297084934	10.474625926678566
GOTERM_CC_ALL	GO:0099503~secretory vesicle	13	5.752212389380531	0.009022127454345389	3082, 115827, 7200, 5175, 148281, 5650, 132204, 246213, 1675, 51760, 967, 51138, 5768	214	467	18224	2.370589765654706	0.987328518175582	0.1365864021446096	13.035216802182658
GOTERM_CC_ALL	GO:0030659~cytoplasmic vesicle membrane	13	5.752212389380531	0.013059162175204139	8685, 5175, 148281, 26509, 9332, 132204, 246213, 254263, 3119, 301, 80115, 567, 967	214	491	18224	2.254715724156309	0.9982285876092796	0.17749582594896815	16.939435671478286
GOTERM_CC_ALL	GO:0012506~vesicle membrane	13	5.752212389380531	0.01637834074695203	8685, 5175, 148281, 26509, 9332, 132204, 246213, 254263, 3119, 301, 80115, 567, 967	214	507	18224	2.183560987299305	0.9996507502147299	0.18879241252082812	18.01753314514127
GOTERM_CC_ALL	GO:0016023~cytoplasmic, membrane-bounded vesicle	23	10.176991150442479	0.02099696527209953	3082, 115827, 8685, 7200, 5175, 148281, 26509, 9332, 5650, 5321, 132204, 246213, 254263, 3119, 1675, 301, 51760, 80115, 567, 55686, 967, 51138, 5768	214	1183	18224	1.6556671222379347	0.999963866807554	0.21062249407325892	20.100901924003967
GOTERM_CC_ALL	GO:0070382~exocytic vesicle	6	2.6548672566371683	0.02507984252518677	115827, 148281, 51760, 132204, 246213, 51138	214	141	18224	3.623782064028634	0.9999951796110277	0.2417696819428005	23.073455123171826
GOTERM_CC_ALL	GO:0030658~transport vesicle membrane	6	2.6548672566371683	0.038175405304100546	3119, 148281, 132204, 567, 246213, 254263	214	158	18224	3.2338814622027683	0.9999999928843714	0.3265046081903444	31.160190823144895
GOTERM_CC_ALL	GO:0031410~cytoplasmic vesicle	23	10.176991150442479	0.04591449243346936	3082, 115827, 8685, 7200, 5175, 148281, 26509, 9332, 5650, 5321, 132204, 246213, 254263, 3119, 1675, 301, 51760, 80115, 567, 55686, 967, 51138, 5768	214	1284	18224	1.5254316243048882	0.9999999998550968	0.3562512649225952	33.99908337435556
GOTERM_CC_ALL	GO:0097708~intracellular vesicle	23	10.176991150442479	0.046563962012704345	3082, 115827, 8685, 7200, 5175, 148281, 26509, 9332, 5650, 5321, 132204, 246213, 254263, 3119, 1675, 301, 51760, 80115, 567, 55686, 967, 51138, 5768	214	1286	18224	1.523059257859624	0.9999999998956401	0.3562512649225952	33.99908337435556
GOTERM_CC_ALL	GO:0098793~presynapse	8	3.5398230088495577	0.04829359096249483	115827, 2900, 148281, 51760, 132204, 246213, 26059, 51138	214	282	18224	2.4158547093524225	0.9999999999565046	0.3581155514449617	34.17700283499634
GOTERM_CC_ALL	GO:0030133~transport vesicle	9	3.982300884955752	0.05084034165732416	115827, 3119, 148281, 51760, 132204, 567, 246213, 51138, 254263	214	346	18224	2.2151153368267518	0.9999999999880456	0.37128855573985214	35.43417751874108
GOTERM_CC_ALL	GO:0031091~platelet alpha granule	4	1.7699115044247788	0.05762690359994709	3082, 5175, 1675, 5768	214	75	18224	4.541806853582554	0.9999999999996237	0.39680239335963574	37.86910807996523
GOTERM_CC_ALL	GO:0008021~synaptic vesicle	5	2.2123893805309733	0.06193784066119705	115827, 148281, 132204, 246213, 51138	214	127	18224	3.3527117521524765	0.9999999999999587	0.42047942533376026	40.12874183683189
GOTERM_CC_ALL	GO:0098588~bounding membrane of organelle	28	12.389380530973451	0.07901936478264679	148281, 132671, 27128, 118429, 23643, 3119, 59345, 2783, 93109, 6482, 8685, 5175, 7056, 9332, 132204, 6786, 246213, 220441, 57452, 254263, 57414, 3108, 79623, 301, 567, 844, 967, 5768	214	1742	18224	1.3687994248741913	1.0	0.48829915160558657	46.60116384617631
GOTERM_CC_ALL	GO:0031090~organelle membrane	37	16.371681415929203	0.18412603562837687	148281, 132671, 5321, 5026, 27128, 118429, 23643, 4191, 23787, 3119, 59345, 2783, 93109, 6482, 8685, 5175, 26509, 7056, 9332, 132204, 6786, 246213, 220441, 1592, 57452, 254263, 57414, 3108, 1545, 79623, 147, 301, 80115, 567, 844, 967, 5768	214	2646	18224	1.1908082028242242	1.0	0.7801936988877824	74.4583198108672
GOTERM_CC_ALL	GO:0030141~secretory granule	7	3.0973451327433628	0.24242343982795128	3082, 7200, 5175, 5650, 1675, 967, 5768	214	358	18224	1.6651177361248888	1.0	0.9273658571196232	88.50379549274412
GOTERM_CC_ALL	GO:0030666~endocytic vesicle membrane	4	1.7699115044247788	0.27164334179761745	8685, 3119, 9332, 567	214	155	18224	2.1976484775399454	1.0	0.9866976443881933	94.16616523206824
GOTERM_CC_ALL	GO:0030139~endocytic vesicle	4	1.7699115044247788	0.5858321710043127	8685, 3119, 9332, 567	214	259	18224	1.315195034821203	1.0	1.0	95.63409563409564

Annotation Cluster 6	Enrichment Score: 1.2055992313107955
Category	Term	Count	%	PValue	Genes	List Total	Pop Hits	Pop Total	Fold Enrichment	Bonferroni	Benjamini	FDR
GOTERM_CC_ALL	GO:0030054~cell junction	32	14.15929203539823	3.3047435304347844E-4	148281, 4892, 7223, 26059, 2275, 8470, 2900, 2564, 2783, 1012, 5797, 8407, 7535, 120425, 5175, 6124, 132204, 6002, 246213, 2023, 23034, 254263, 146395, 2558, 2556, 301, 80115, 567, 8516, 51138, 11178, 5604	214	1379	18224	1.9761306106958176	0.14727226218813638	0.01225297216668897	1.1693707876923083
GOTERM_CC_ALL	GO:0005924~cell-substrate adherens junction	10	4.424778761061947	0.04255092417949406	6124, 301, 4892, 567, 1012, 2783, 8516, 2275, 5604, 8470	214	394	18224	2.1613928554485504	0.9999999992097586	0.34761941448332434	33.17529681791062
GOTERM_CC_ALL	GO:0030055~cell-substrate junction	10	4.424778761061947	0.04545312886077485	6124, 301, 4892, 567, 1012, 2783, 8516, 2275, 5604, 8470	214	399	18224	2.134307731946689	0.9999999998170727	0.3562512649225952	33.99908337435556
GOTERM_CC_ALL	GO:0005925~focal adhesion	9	3.982300884955752	0.08917408712935027	6124, 301, 567, 1012, 2783, 8516, 2275, 5604, 8470	214	391	18224	1.9601787891101177	1.0	0.5328501193420855	50.852915953808996
GOTERM_CC_ALL	GO:0005912~adherens junction	13	5.752212389380531	0.11461650283004579	6124, 4892, 2023, 2275, 8470, 301, 567, 1012, 2783, 8516, 5797, 8407, 5604	214	694	18224	1.595195130490991	1.0	0.6576804090962152	62.766180121215555
GOTERM_CC_ALL	GO:0070161~anchoring junction	13	5.752212389380531	0.12998122032682255	6124, 4892, 2023, 2275, 8470, 301, 567, 1012, 2783, 8516, 5797, 8407, 5604	214	711	18224	1.5570540373568884	1.0	0.6748921676828001	64.40879608591038
GOTERM_CC_ALL	GO:0005911~cell-cell junction	9	3.982300884955752	0.4888815254943081	301, 7223, 4892, 80115, 5797, 2023, 8407, 7535, 120425	214	644	18224	1.1901085505311428	1.0	1.0	95.63409563409564
GOTERM_CC_ALL	GO:0005913~cell-cell adherens junction	5	2.2123893805309733	0.5457899644373926	301, 4892, 5797, 2023, 8407	214	332	18224	1.2825132304920617	1.0	1.0	95.63409563409564

Annotation Cluster 7	Enrichment Score: 1.143758335756622
Category	Term	Count	%	PValue	Genes	List Total	Pop Hits	Pop Total	Fold Enrichment	Bonferroni	Benjamini	FDR
GOTERM_CC_ALL	GO:0043292~contractile fiber	8	3.5398230088495577	0.016450791132520293	5175, 4892, 7138, 2023, 844, 2275, 103910, 8470	214	224	18224	3.0413885180240317	0.999662932395557	0.18879241252082812	18.01753314514127
GOTERM_CC_ALL	GO:0044449~contractile fiber part	7	3.0973451327433628	0.03361990720707499	5175, 7138, 2023, 844, 2275, 103910, 8470	214	205	18224	2.907864144062001	0.9999999306056757	0.3116306783425028	29.740687144720184
GOTERM_CC_ALL	GO:0030016~myofibril	7	3.0973451327433628	0.03861154080259259	4892, 7138, 2023, 844, 2275, 103910, 8470	214	212	18224	2.8118497619467466	0.9999999942816342	0.3265046081903444	31.160190823144895
GOTERM_CC_ALL	GO:0030017~sarcomere	6	2.6548672566371683	0.0699903098297664	7138, 2023, 844, 2275, 103910, 8470	214	188	18224	2.7178365480214755	0.9999999999999993	0.44980439117263205	42.92739002892339
GOTERM_CC_ALL	GO:0031674~I band	4	1.7699115044247788	0.1978550188272147	844, 2275, 103910, 8470	214	131	18224	2.600271099379325	1.0	0.8150950348266451	77.78915270129808
GOTERM_CC_ALL	GO:0015629~actin cytoskeleton	7	3.0973451327433628	0.46404977548980697	9168, 4628, 80115, 7138, 2275, 103910, 8470	214	467	18224	1.2764714122756107	1.0	1.0	95.63409563409564

Annotation Cluster 8	Enrichment Score: 0.972979788677356
Category	Term	Count	%	PValue	Genes	List Total	Pop Hits	Pop Total	Fold Enrichment	Bonferroni	Benjamini	FDR
GOTERM_CC_ALL	GO:0098805~whole membrane	30	13.274336283185843	0.001240230688543374	349667, 148281, 132671, 6014, 7223, 112464, 118429, 23643, 3119, 59345, 2783, 1012, 7535, 93109, 8685, 5175, 26509, 7056, 9332, 132204, 246213, 220441, 23213, 254263, 6281, 284, 3108, 301, 567, 967	214	1363	18224	1.874370033118259	0.4501788294911777	0.031462694309363486	3.0026637722629053
GOTERM_CC_ALL	GO:0009986~cell surface	17	7.52212389380531	0.017950107222616786	349667, 5175, 7056, 7223, 118429, 6092, 23213, 2350, 4628, 3108, 389, 301, 567, 1012, 8516, 967, 56999	214	765	18224	1.892419522326064	0.9998384256810215	0.18986786108465017	18.12016931513259
GOTERM_CC_ALL	GO:0098552~side of membrane	11	4.867256637168142	0.03597086828454692	349667, 3119, 5175, 2786, 2775, 301, 567, 1012, 118429, 7535, 2350	214	444	18224	2.10979203502568	0.9999999785485765	0.3265046081903444	31.160190823144895
GOTERM_CC_ALL	GO:0098588~bounding membrane of organelle	28	12.389380530973451	0.07901936478264679	148281, 132671, 27128, 118429, 23643, 3119, 59345, 2783, 93109, 6482, 8685, 5175, 7056, 9332, 132204, 6786, 246213, 220441, 57452, 254263, 57414, 3108, 79623, 301, 567, 844, 967, 5768	214	1742	18224	1.3687994248741913	1.0	0.48829915160558657	46.60116384617631
GOTERM_CC_ALL	GO:0005774~vacuolar membrane	12	5.3097345132743365	0.10408123739577223	3108, 3119, 7056, 301, 59345, 567, 2783, 220441, 118429, 967, 93109, 23643	214	610	18224	1.675256626321434	1.0	0.6044235713826773	57.68357735187376
GOTERM_CC_ALL	GO:0098852~lytic vacuole membrane	7	3.0973451327433628	0.12177872199894231	3108, 3119, 59345, 2783, 220441, 967, 93109	214	290	18224	2.0555591363196903	1.0	0.65898024838822	62.89023117397951
GOTERM_CC_ALL	GO:0005765~lysosomal membrane	7	3.0973451327433628	0.12177872199894231	3108, 3119, 59345, 2783, 220441, 967, 93109	214	290	18224	2.0555591363196903	1.0	0.65898024838822	62.89023117397951
GOTERM_CC_ALL	GO:0044437~vacuolar part	13	5.752212389380531	0.13662776132702306	7056, 220441, 2331, 118429, 23643, 3108, 3119, 301, 59345, 567, 2783, 967, 93109	214	718	18224	1.5418738447921276	1.0	0.6789132057693311	64.79254660869135
GOTERM_CC_ALL	GO:0031090~organelle membrane	37	16.371681415929203	0.18412603562837687	148281, 132671, 5321, 5026, 27128, 118429, 23643, 4191, 23787, 3119, 59345, 2783, 93109, 6482, 8685, 5175, 26509, 7056, 9332, 132204, 6786, 246213, 220441, 1592, 57452, 254263, 57414, 3108, 1545, 79623, 147, 301, 80115, 567, 844, 967, 5768	214	2646	18224	1.1908082028242242	1.0	0.7801936988877824	74.4583198108672
GOTERM_CC_ALL	GO:0000323~lytic vacuole	10	4.424778761061947	0.18778592966093996	5294, 3108, 3119, 301, 59345, 2783, 220441, 2331, 967, 93109	214	544	18224	1.5654205607476634	1.0	0.7802829146256298	74.46683417588999
GOTERM_CC_ALL	GO:0005764~lysosome	10	4.424778761061947	0.18778592966093996	5294, 3108, 3119, 301, 59345, 2783, 220441, 2331, 967, 93109	214	544	18224	1.5654205607476634	1.0	0.7802829146256298	74.46683417588999
GOTERM_CC_ALL	GO:0010008~endosome membrane	7	3.0973451327433628	0.34110422199931995	3108, 3119, 301, 567, 118429, 967, 23643	214	407	18224	1.4646490160508852	1.0	1.0	95.63409563409564
GOTERM_CC_ALL	GO:0005773~vacuole	17	7.52212389380531	0.3436153434778171	5294, 7056, 246213, 220441, 2331, 118429, 23643, 3108, 3119, 301, 59345, 567, 2783, 967, 6503, 93109, 5604	214	1212	18224	1.1944727182998671	1.0	1.0	95.63409563409564
GOTERM_CC_ALL	GO:0044440~endosomal part	7	3.0973451327433628	0.40990874989231807	3108, 3119, 301, 567, 118429, 967, 23643	214	441	18224	1.351728230232903	1.0	1.0	95.63409563409564
GOTERM_CC_ALL	GO:0005768~endosome	10	4.424778761061947	0.610810985207845	3108, 3119, 301, 567, 246213, 118429, 967, 6503, 23643, 5604	214	811	18224	1.0500478237320947	1.0	1.0	95.63409563409564

Annotation Cluster 9	Enrichment Score: 0.6250096406545669
Category	Term	Count	%	PValue	Genes	List Total	Pop Hits	Pop Total	Fold Enrichment	Bonferroni	Benjamini	FDR
GOTERM_CC_ALL	GO:0012505~endomembrane system	56	24.778761061946902	0.06355487032385532	3082, 7200, 148281, 48, 6511, 5026, 4135, 27128, 118429, 23643, 3119, 203068, 84885, 51760, 5733, 6503, 115827, 6482, 1592, 23213, 254263, 1545, 567, 26960, 844, 4852, 967, 51138, 200407, 5321, 2331, 7060, 23544, 1675, 1278, 56999, 5955, 124925, 5175, 26509, 7991, 5650, 132204, 6786, 246213, 57452, 339479, 81544, 3108, 57414, 79623, 147, 301, 8516, 5768, 5604	214	3878	18224	1.2297310975404028	0.999999999999982	0.42546454855692034	40.604500484685346
GOTERM_CC_ALL	GO:0098588~bounding membrane of organelle	28	12.389380530973451	0.07901936478264679	148281, 132671, 27128, 118429, 23643, 3119, 59345, 2783, 93109, 6482, 8685, 5175, 7056, 9332, 132204, 6786, 246213, 220441, 57452, 254263, 57414, 3108, 79623, 301, 567, 844, 967, 5768	214	1742	18224	1.3687994248741913	1.0	0.48829915160558657	46.60116384617631
GOTERM_CC_ALL	GO:0031090~organelle membrane	37	16.371681415929203	0.18412603562837687	148281, 132671, 5321, 5026, 27128, 118429, 23643, 4191, 23787, 3119, 59345, 2783, 93109, 6482, 8685, 5175, 26509, 7056, 9332, 132204, 6786, 246213, 220441, 1592, 57452, 254263, 57414, 3108, 1545, 79623, 147, 301, 80115, 567, 844, 967, 5768	214	2646	18224	1.1908082028242242	1.0	0.7801936988877824	74.4583198108672
GOTERM_CC_ALL	GO:0044422~organelle part	91	40.26548672566372	0.8897330687483309	3082, 644353, 148281, 6792, 9500, 4013, 5026, 4135, 27128, 118429, 2275, 23643, 3119, 203068, 51760, 4929, 2783, 3872, 318, 5579, 10574, 5733, 93109, 5935, 404672, 6482, 7056, 6124, 6002, 7138, 166614, 135138, 1592, 23213, 254263, 1545, 57713, 3248, 567, 26960, 80115, 326, 844, 8935, 967, 51138, 9168, 132671, 5321, 2331, 23544, 4191, 23787, 8470, 64859, 4628, 1675, 51386, 59345, 1278, 170261, 5710, 8900, 5955, 6604, 10633, 11127, 8685, 5175, 26509, 7991, 9332, 132204, 6786, 9577, 220441, 246213, 2023, 57452, 5092, 81544, 3108, 57414, 79623, 147, 301, 5689, 11332, 5768, 5604, 103910	214	8415	18224	0.9209100349287265	1.0	1.0	95.63409563409564
GOTERM_CC_ALL	GO:0044446~intracellular organelle part	88	38.93805309734513	0.911369500839714	3082, 644353, 148281, 6792, 9500, 4013, 5026, 4135, 27128, 118429, 2275, 23643, 3119, 203068, 51760, 4929, 2783, 3872, 318, 5579, 10574, 5733, 93109, 5935, 404672, 6482, 7056, 6124, 6002, 7138, 166614, 1592, 23213, 254263, 1545, 57713, 3248, 567, 26960, 80115, 326, 844, 8935, 967, 51138, 9168, 132671, 5321, 2331, 23544, 4191, 23787, 64859, 4628, 1675, 51386, 59345, 1278, 170261, 5710, 8900, 5955, 6604, 10633, 11127, 8685, 5175, 26509, 7991, 9332, 132204, 6786, 9577, 220441, 246213, 57452, 5092, 81544, 3108, 57414, 79623, 147, 301, 5689, 11332, 5768, 5604, 103910	214	8233	18224	0.9102370106171767	1.0	1.0	95.63409563409564

Annotation Cluster 10	Enrichment Score: 0.5448776348956936
Category	Term	Count	%	PValue	Genes	List Total	Pop Hits	Pop Total	Fold Enrichment	Bonferroni	Benjamini	FDR
GOTERM_CC_ALL	GO:0044444~cytoplasmic part	116	51.32743362831859	0.0029161809227582188	3082, 7200, 6511, 27128, 23167, 118429, 2275, 122402, 3119, 203068, 51760, 55686, 2783, 23286, 6503, 5935, 115827, 6482, 7056, 6124, 5950, 1592, 254263, 23213, 3248, 55577, 26960, 80115, 10021, 8935, 4852, 51138, 200407, 7223, 5321, 2331, 7060, 23544, 4191, 2172, 23787, 4628, 51386, 5797, 5710, 5955, 54935, 124925, 5294, 8685, 5175, 7991, 6786, 246213, 23034, 339479, 57414, 301, 389, 5689, 11332, 5604, 148281, 6792, 48, 5188, 4892, 4135, 23643, 283209, 84885, 435, 1012, 318, 10574, 5579, 93109, 54836, 7138, 135138, 80309, 1545, 2632, 51451, 567, 844, 967, 8739, 132671, 8470, 83857, 79873, 1675, 59345, 1278, 1397, 7535, 7538, 8900, 56999, 11127, 5372, 9332, 26509, 5650, 132204, 220441, 2023, 57452, 5092, 81544, 3108, 79623, 8516, 5768, 103910	214	8090	18224	1.2210667375206496	0.7552829634470919	0.056396836591240035	5.382270712027057
GOTERM_CC_ALL	GO:0005737~cytoplasm	144	63.716814159292035	0.009509244803986024	3082, 7200, 9500, 6511, 5026, 27128, 23167, 118429, 2275, 122402, 3119, 203068, 51760, 55686, 2783, 23286, 3872, 6503, 57626, 5935, 158798, 115827, 6482, 7056, 6124, 6002, 5950, 166614, 1592, 254263, 23213, 3248, 55577, 26960, 80115, 10021, 8935, 4852, 51138, 6014, 200407, 7223, 5321, 2331, 7060, 23544, 4191, 2172, 23787, 64859, 4628, 51386, 5797, 5710, 5955, 54935, 124925, 5294, 8685, 5175, 7991, 6786, 246213, 23034, 339479, 57414, 301, 389, 5689, 11332, 11178, 5604, 139728, 349667, 148281, 6792, 48, 5188, 4892, 4135, 23089, 23643, 283209, 4929, 84885, 57664, 55885, 435, 1012, 318, 10574, 5579, 93109, 54836, 7138, 135138, 163782, 80309, 165, 1545, 2632, 51451, 567, 326, 844, 5502, 967, 8739, 9168, 132671, 112464, 26059, 8470, 4826, 83857, 79873, 1675, 59345, 1278, 27145, 1397, 7535, 7538, 8900, 56999, 6604, 11127, 5372, 9332, 26509, 5650, 132204, 9577, 220441, 2023, 57452, 5092, 81544, 3108, 79623, 8516, 1608, 5768, 103910	214	10775	18224	1.138086172127415	0.9900021753541377	0.13889260592488675	13.255310938889608
GOTERM_CC_ALL	GO:0044464~cell part	195	86.28318584070797	0.39697290285826625	3082, 644353, 7200, 9500, 5026, 23167, 118429, 51760, 2786, 2783, 23286, 55686, 3872, 3754, 57626, 5935, 158798, 115827, 404672, 6482, 6124, 6002, 166614, 5950, 1592, 254263, 94233, 2558, 2556, 55577, 4852, 200407, 6014, 7223, 5961, 2331, 4191, 64859, 4628, 55220, 2564, 5710, 4986, 5955, 3779, 10633, 54935, 5294, 8685, 5175, 23034, 339479, 57414, 147, 389, 1004, 55118, 11178, 40, 152485, 5604, 148281, 48, 5188, 4892, 26996, 2350, 2900, 57664, 1012, 5733, 120425, 54836, 64073, 7138, 6281, 163782, 284, 80309, 165, 51451, 844, 5502, 967, 112464, 1043, 26059, 8470, 83857, 1278, 282974, 27145, 1397, 8900, 6604, 11127, 9332, 26509, 5650, 9577, 2023, 5090, 57452, 5092, 81544, 3108, 1608, 5768, 123904, 10842, 6750, 6511, 27128, 2275, 122402, 3119, 203068, 6503, 131375, 7056, 7291, 23213, 80228, 27253, 3248, 80115, 26960, 27255, 8935, 10021, 51138, 5321, 7060, 6092, 23544, 2172, 23787, 51386, 5797, 124925, 6660, 7991, 6786, 246213, 301, 5689, 11332, 139728, 349667, 6792, 4013, 4135, 23089, 23643, 283209, 4929, 84885, 55885, 435, 318, 10574, 5579, 93109, 135138, 84628, 146395, 255426, 1545, 64919, 57713, 2632, 567, 326, 10100, 8739, 9168, 132671, 6332, 4826, 1316, 79873, 1675, 577, 59345, 170261, 7535, 7538, 56999, 5372, 132204, 220441, 2775, 79623, 8516, 103910	214	16449	18224	1.009543516834532	1.0	1.0	95.63409563409564
GOTERM_CC_ALL	GO:0005623~cell	195	86.28318584070797	0.4275927130644155	3082, 644353, 7200, 9500, 5026, 23167, 118429, 51760, 2786, 2783, 23286, 55686, 3872, 3754, 57626, 5935, 158798, 115827, 404672, 6482, 6124, 6002, 166614, 5950, 1592, 254263, 94233, 2558, 2556, 55577, 4852, 200407, 6014, 7223, 5961, 2331, 4191, 64859, 4628, 55220, 2564, 5710, 4986, 5955, 3779, 10633, 54935, 5294, 8685, 5175, 23034, 339479, 57414, 147, 389, 1004, 55118, 11178, 40, 152485, 5604, 148281, 48, 5188, 4892, 26996, 2350, 2900, 57664, 1012, 5733, 120425, 54836, 64073, 7138, 6281, 163782, 284, 80309, 165, 51451, 844, 5502, 967, 112464, 1043, 26059, 8470, 83857, 1278, 282974, 27145, 1397, 8900, 6604, 11127, 9332, 26509, 5650, 9577, 2023, 5090, 57452, 5092, 81544, 3108, 1608, 5768, 123904, 10842, 6750, 6511, 27128, 2275, 122402, 3119, 203068, 6503, 131375, 7056, 7291, 23213, 80228, 27253, 3248, 80115, 26960, 27255, 8935, 10021, 51138, 5321, 7060, 6092, 23544, 2172, 23787, 51386, 5797, 124925, 6660, 7991, 6786, 246213, 301, 5689, 11332, 139728, 349667, 6792, 4013, 4135, 23089, 23643, 283209, 4929, 84885, 55885, 435, 318, 10574, 5579, 93109, 135138, 84628, 146395, 255426, 1545, 64919, 57713, 2632, 567, 326, 10100, 8739, 9168, 132671, 6332, 4826, 1316, 79873, 1675, 577, 59345, 170261, 7535, 7538, 56999, 5372, 132204, 220441, 2775, 79623, 8516, 103910	214	16478	18224	1.0077667986655672	1.0	1.0	95.63409563409564
GOTERM_CC_ALL	GO:0044424~intracellular part	163	72.12389380530973	0.5372070949524212	3082, 644353, 7200, 9500, 6511, 5026, 27128, 23167, 118429, 2275, 122402, 3119, 203068, 51760, 2786, 55686, 2783, 23286, 3872, 6503, 57626, 5935, 158798, 115827, 131375, 6482, 404672, 7056, 6124, 6002, 5950, 166614, 1592, 7291, 254263, 23213, 3248, 55577, 26960, 80115, 10021, 8935, 4852, 51138, 6014, 200407, 7223, 5321, 2331, 7060, 23544, 4191, 2172, 23787, 64859, 4628, 55220, 51386, 5797, 5710, 5955, 10633, 54935, 124925, 5294, 8685, 5175, 6660, 7991, 6786, 246213, 23034, 339479, 57414, 301, 389, 147, 5689, 11332, 11178, 152485, 5604, 139728, 349667, 148281, 6792, 48, 5188, 4892, 4013, 4135, 23089, 23643, 283209, 4929, 84885, 57664, 55885, 435, 1012, 318, 10574, 5733, 5579, 93109, 54836, 64073, 7138, 135138, 163782, 80309, 165, 1545, 64919, 57713, 2632, 51451, 567, 326, 844, 5502, 967, 8739, 9168, 132671, 112464, 26059, 8470, 1316, 4826, 83857, 79873, 1675, 59345, 1278, 27145, 1397, 170261, 7535, 7538, 8900, 56999, 6604, 11127, 5372, 9332, 26509, 5650, 132204, 9577, 220441, 2023, 5090, 57452, 5092, 81544, 3108, 79623, 2775, 8516, 1608, 5768, 103910	214	13860	18224	1.0015077342180145	1.0	1.0	95.63409563409564
GOTERM_CC_ALL	GO:0005622~intracellular	167	73.89380530973452	0.5493255430595598	3082, 644353, 7200, 9500, 6511, 5026, 27128, 23167, 118429, 2275, 122402, 3119, 203068, 51760, 2786, 55686, 2783, 23286, 3872, 6503, 57626, 5935, 158798, 115827, 131375, 6482, 404672, 7056, 6124, 6002, 5950, 166614, 1592, 7291, 254263, 23213, 3248, 55577, 26960, 80115, 10021, 8935, 4852, 51138, 6014, 200407, 7223, 5321, 2331, 7060, 23544, 4191, 2172, 23787, 64859, 4628, 55220, 51386, 5797, 5710, 5955, 10633, 54935, 124925, 5294, 8685, 5175, 6660, 7991, 6786, 246213, 23034, 339479, 57414, 301, 389, 147, 5689, 11332, 11178, 152485, 5604, 139728, 349667, 148281, 6792, 48, 5188, 4892, 4013, 4135, 23089, 23643, 283209, 4929, 84885, 57664, 55885, 435, 1012, 318, 10574, 5733, 5579, 93109, 54836, 64073, 7138, 135138, 163782, 284, 80309, 165, 255426, 1545, 64919, 57713, 2632, 51451, 567, 326, 844, 5502, 967, 8739, 9168, 132671, 112464, 26059, 8470, 1316, 4826, 83857, 79873, 1675, 282974, 59345, 1278, 27145, 1397, 170261, 7535, 7538, 8900, 56999, 6604, 11127, 5372, 9332, 26509, 5650, 132204, 9577, 220441, 2023, 5090, 57452, 5092, 81544, 3108, 79623, 2775, 8516, 1608, 5768, 103910, 10842	214	14216	18224	1.0003891889617595	1.0	1.0	95.63409563409564
GOTERM_CC_ALL	GO:0043227~membrane-bounded organelle	143	63.27433628318584	0.5727199501460779	3082, 644353, 7200, 9500, 6511, 5026, 27128, 23167, 118429, 2275, 122402, 3119, 203068, 51760, 2786, 55686, 2783, 23286, 3872, 8407, 6503, 5935, 115827, 131375, 6482, 404672, 7056, 6124, 6002, 5950, 1592, 7291, 254263, 23213, 3248, 55577, 26960, 80115, 8935, 4852, 51138, 6014, 200407, 5321, 2331, 7060, 6092, 23544, 4191, 23787, 64859, 4628, 51386, 5710, 5955, 10633, 54935, 124925, 5294, 131034, 8685, 5175, 6660, 7991, 6786, 246213, 339479, 57414, 301, 389, 147, 1004, 5689, 11332, 55118, 4239, 152485, 5604, 139728, 349667, 148281, 6792, 48, 5188, 92304, 4013, 4135, 23089, 23643, 4929, 84885, 435, 1012, 318, 10574, 5733, 5579, 93109, 64073, 135138, 6281, 284, 80309, 165, 1545, 64919, 57713, 2632, 567, 326, 844, 8857, 967, 8739, 132671, 8470, 1316, 83857, 1675, 59345, 1278, 170261, 7538, 8900, 56999, 6604, 11127, 9332, 26509, 5650, 132204, 9577, 220441, 2023, 5090, 57452, 5092, 81544, 3108, 79623, 8516, 5768, 103910	214	12209	18224	0.997437924987159	1.0	1.0	95.63409563409564
GOTERM_CC_ALL	GO:0043226~organelle	154	68.14159292035397	0.5799358925771244	3082, 644353, 7200, 9500, 6511, 5026, 27128, 23167, 118429, 2275, 122402, 3119, 203068, 51760, 2786, 55686, 2783, 23286, 3872, 8407, 6503, 57626, 5935, 115827, 131375, 6482, 404672, 7056, 6124, 6002, 5950, 166614, 1592, 7291, 254263, 23213, 3248, 55577, 26960, 80115, 8935, 4852, 51138, 6014, 200407, 7223, 5321, 5961, 2331, 7060, 6092, 23544, 4191, 23787, 64859, 4628, 51386, 5710, 5955, 10633, 54935, 124925, 5294, 131034, 8685, 5175, 6660, 7991, 6786, 246213, 23034, 339479, 57414, 301, 389, 147, 1004, 5689, 11332, 55118, 11178, 4239, 152485, 5604, 139728, 349667, 148281, 6792, 48, 5188, 92304, 4892, 4013, 4135, 23089, 23643, 4929, 84885, 435, 1012, 318, 10574, 5733, 5579, 93109, 64073, 7138, 135138, 6281, 284, 80309, 165, 1545, 64919, 57713, 2632, 567, 326, 844, 8857, 967, 8739, 9168, 132671, 26059, 8470, 1316, 83857, 1675, 59345, 1278, 27145, 170261, 7538, 8900, 56999, 6604, 11127, 9332, 26509, 5650, 132204, 9577, 220441, 2023, 5090, 57452, 5092, 81544, 3108, 79623, 8516, 5768, 103910	214	13154	18224	0.9969946244275222	1.0	1.0	95.63409563409564
GOTERM_CC_ALL	GO:0043229~intracellular organelle	135	59.73451327433629	0.8753586848529872	3082, 644353, 7200, 9500, 6511, 5026, 27128, 118429, 2275, 122402, 3119, 203068, 51760, 55686, 2783, 23286, 3872, 6503, 57626, 5935, 115827, 131375, 6482, 404672, 7056, 6124, 6002, 166614, 1592, 7291, 254263, 23213, 3248, 26960, 80115, 8935, 4852, 51138, 6014, 200407, 7223, 5321, 2331, 7060, 23544, 4191, 23787, 64859, 4628, 51386, 5710, 5955, 10633, 54935, 124925, 5294, 8685, 5175, 6660, 7991, 6786, 246213, 23034, 339479, 57414, 301, 389, 147, 5689, 11332, 11178, 152485, 5604, 139728, 148281, 6792, 48, 5188, 4892, 4013, 4135, 23089, 23643, 4929, 84885, 318, 10574, 5733, 5579, 93109, 64073, 7138, 135138, 80309, 165, 1545, 64919, 57713, 567, 326, 844, 967, 8739, 9168, 132671, 26059, 8470, 1316, 83857, 1675, 59345, 1278, 27145, 170261, 7538, 8900, 56999, 6604, 11127, 9332, 26509, 5650, 132204, 9577, 220441, 2023, 5090, 57452, 5092, 81544, 3108, 79623, 8516, 5768, 103910	214	12099	18224	0.9501982476345848	1.0	1.0	95.63409563409564
GOTERM_CC_ALL	GO:0043231~intracellular membrane-bounded organelle	122	53.98230088495575	0.8836547753885152	3082, 644353, 7200, 9500, 6511, 5026, 27128, 118429, 2275, 122402, 3119, 203068, 51760, 55686, 2783, 23286, 6503, 5935, 115827, 131375, 6482, 404672, 7056, 6124, 6002, 1592, 7291, 254263, 23213, 3248, 26960, 80115, 8935, 4852, 51138, 6014, 200407, 5321, 2331, 7060, 23544, 4191, 23787, 64859, 4628, 51386, 5710, 5955, 10633, 54935, 124925, 5294, 8685, 5175, 6660, 7991, 6786, 246213, 339479, 57414, 301, 389, 147, 5689, 11332, 152485, 5604, 139728, 148281, 6792, 48, 5188, 4013, 4135, 23089, 23643, 4929, 84885, 318, 10574, 5733, 5579, 93109, 64073, 135138, 80309, 165, 1545, 64919, 57713, 567, 326, 844, 967, 8739, 132671, 8470, 1316, 83857, 1675, 59345, 1278, 170261, 7538, 8900, 56999, 6604, 9332, 26509, 5650, 132204, 9577, 220441, 2023, 5090, 57452, 5092, 81544, 3108, 79623, 8516, 5768	214	11035	18224	0.9414937179492607	1.0	1.0	95.63409563409564
GOTERM_CC_ALL	GO:0044422~organelle part	91	40.26548672566372	0.8897330687483309	3082, 644353, 148281, 6792, 9500, 4013, 5026, 4135, 27128, 118429, 2275, 23643, 3119, 203068, 51760, 4929, 2783, 3872, 318, 5579, 10574, 5733, 93109, 5935, 404672, 6482, 7056, 6124, 6002, 7138, 166614, 135138, 1592, 23213, 254263, 1545, 57713, 3248, 567, 26960, 80115, 326, 844, 8935, 967, 51138, 9168, 132671, 5321, 2331, 23544, 4191, 23787, 8470, 64859, 4628, 1675, 51386, 59345, 1278, 170261, 5710, 8900, 5955, 6604, 10633, 11127, 8685, 5175, 26509, 7991, 9332, 132204, 6786, 9577, 220441, 246213, 2023, 57452, 5092, 81544, 3108, 57414, 79623, 147, 301, 5689, 11332, 5768, 5604, 103910	214	8415	18224	0.9209100349287265	1.0	1.0	95.63409563409564
GOTERM_CC_ALL	GO:0044446~intracellular organelle part	88	38.93805309734513	0.911369500839714	3082, 644353, 148281, 6792, 9500, 4013, 5026, 4135, 27128, 118429, 2275, 23643, 3119, 203068, 51760, 4929, 2783, 3872, 318, 5579, 10574, 5733, 93109, 5935, 404672, 6482, 7056, 6124, 6002, 7138, 166614, 1592, 23213, 254263, 1545, 57713, 3248, 567, 26960, 80115, 326, 844, 8935, 967, 51138, 9168, 132671, 5321, 2331, 23544, 4191, 23787, 64859, 4628, 1675, 51386, 59345, 1278, 170261, 5710, 8900, 5955, 6604, 10633, 11127, 8685, 5175, 26509, 7991, 9332, 132204, 6786, 9577, 220441, 246213, 57452, 5092, 81544, 3108, 57414, 79623, 147, 301, 5689, 11332, 5768, 5604, 103910	214	8233	18224	0.9102370106171767	1.0	1.0	95.63409563409564

Annotation Cluster 11	Enrichment Score: 0.48538296168443823
Category	Term	Count	%	PValue	Genes	List Total	Pop Hits	Pop Total	Fold Enrichment	Bonferroni	Benjamini	FDR
GOTERM_CC_ALL	GO:0012505~endomembrane system	56	24.778761061946902	0.06355487032385532	3082, 7200, 148281, 48, 6511, 5026, 4135, 27128, 118429, 23643, 3119, 203068, 84885, 51760, 5733, 6503, 115827, 6482, 1592, 23213, 254263, 1545, 567, 26960, 844, 4852, 967, 51138, 200407, 5321, 2331, 7060, 23544, 1675, 1278, 56999, 5955, 124925, 5175, 26509, 7991, 5650, 132204, 6786, 246213, 57452, 339479, 81544, 3108, 57414, 79623, 147, 301, 8516, 5768, 5604	214	3878	18224	1.2297310975404028	0.999999999999982	0.42546454855692034	40.604500484685346
GOTERM_CC_ALL	GO:0005783~endoplasmic reticulum	25	11.061946902654867	0.16251350535518017	148281, 200407, 48, 5321, 118429, 7060, 23544, 3119, 84885, 1278, 5955, 56999, 124925, 7991, 6786, 1592, 23213, 254263, 339479, 81544, 1545, 567, 8516, 844, 5604	214	1660	18224	1.2825132304920617	1.0	0.7304460043241598	69.71061452056298
GOTERM_CC_ALL	GO:0044432~endoplasmic reticulum part	15	6.637168141592921	0.5127277999463856	148281, 7991, 5321, 6786, 118429, 1592, 254263, 23544, 81544, 3119, 1545, 1278, 567, 844, 5955	214	1177	18224	1.0852873216398413	1.0	1.0	95.63409563409564
GOTERM_CC_ALL	GO:0005789~endoplasmic reticulum membrane	10	4.424778761061947	0.8316430255094593	3119, 1545, 7991, 5321, 6786, 844, 118429, 1592, 254263, 23544	214	999	18224	0.8524412262730019	1.0	1.0	95.63409563409564
GOTERM_CC_ALL	GO:0042175~nuclear outer membrane-endoplasmic reticulum membrane network	10	4.424778761061947	0.8496167807781109	3119, 1545, 7991, 5321, 6786, 844, 118429, 1592, 254263, 23544	214	1021	18224	0.8340732468626141	1.0	1.0	95.63409563409564

Annotation Cluster 12	Enrichment Score: 0.4841320455454457
Category	Term	Count	%	PValue	Genes	List Total	Pop Hits	Pop Total	Fold Enrichment	Bonferroni	Benjamini	FDR
GOTERM_CC_ALL	GO:0031984~organelle subcompartment	7	3.0973451327433628	0.17741763273926103	6482, 3119, 51760, 26960, 6786, 844, 23213	214	322	18224	1.851279967492889	1.0	0.7635294551814628	72.86795630362506
GOTERM_CC_ALL	GO:0005794~Golgi apparatus	22	9.734513274336283	0.20771243311954635	6482, 48, 200407, 5321, 6511, 4135, 27128, 2331, 57452, 23213, 254263, 57414, 3119, 79623, 51760, 84885, 26960, 567, 844, 4852, 5768, 5604	214	1482	18224	1.2641668873838081	1.0	0.8484524810476384	80.97264341948417
GOTERM_CC_ALL	GO:0044431~Golgi apparatus part	13	5.752212389380531	0.37591985080972223	6482, 27128, 2331, 57452, 23213, 254263, 57414, 3119, 79623, 51760, 26960, 567, 5768	214	910	18224	1.2165554072096127	1.0	1.0	95.63409563409564
GOTERM_CC_ALL	GO:0098791~Golgi subcompartment	5	2.2123893805309733	0.4769416276020406	6482, 3119, 51760, 26960, 23213	214	303	18224	1.4052620215292555	1.0	1.0	95.63409563409564
GOTERM_CC_ALL	GO:0000139~Golgi membrane	9	3.982300884955752	0.5745396558719735	6482, 57414, 3119, 79623, 567, 27128, 254263, 57452, 5768	214	699	18224	1.096466246841282	1.0	1.0	95.63409563409564

Annotation Cluster 13	Enrichment Score: 0.312085146303501
Category	Term	Count	%	PValue	Genes	List Total	Pop Hits	Pop Total	Fold Enrichment	Bonferroni	Benjamini	FDR
GOTERM_CC_ALL	GO:0036464~cytoplasmic ribonucleoprotein granule	4	1.7699115044247788	0.24680511217182283	122402, 203068, 23034, 7538	214	147	18224	2.317248394684977	1.0	0.9322546240828756	88.97035831496324
GOTERM_CC_ALL	GO:0035770~ribonucleoprotein granule	4	1.7699115044247788	0.281162220706456	122402, 203068, 23034, 7538	214	158	18224	2.1559209748018455	1.0	1.0	95.63409563409564
GOTERM_CC_ALL	GO:0030529~intracellular ribonucleoprotein complex	7	3.0973451327433628	0.9016126391164279	122402, 203068, 51386, 6124, 23034, 7538, 5935	214	786	18224	0.7584124039856365	1.0	1.0	95.63409563409564
GOTERM_CC_ALL	GO:1990904~ribonucleoprotein complex	7	3.0973451327433628	0.9022529435540597	122402, 203068, 51386, 6124, 23034, 7538, 5935	214	787	18224	0.7574487287582087	1.0	1.0	95.63409563409564

Annotation Cluster 14	Enrichment Score: 0.09303257674821185
Category	Term	Count	%	PValue	Genes	List Total	Pop Hits	Pop Total	Fold Enrichment	Bonferroni	Benjamini	FDR
GOTERM_CC_ALL	GO:0005874~microtubule	6	2.6548672566371683	0.5050430953111888	203068, 6786, 166614, 4135, 10574, 11127	214	404	18224	1.26473581937633	1.0	1.0	95.63409563409564
GOTERM_CC_ALL	GO:0099512~supramolecular fiber	8	3.5398230088495577	0.7202610610736353	9168, 203068, 6786, 166614, 4135, 3872, 10574, 11127	214	704	18224	0.967714528462192	1.0	1.0	95.63409563409564
GOTERM_CC_ALL	GO:0099513~polymeric cytoskeletal fiber	8	3.5398230088495577	0.7202610610736353	9168, 203068, 6786, 166614, 4135, 3872, 10574, 11127	214	704	18224	0.967714528462192	1.0	1.0	95.63409563409564
GOTERM_CC_ALL	GO:0005856~cytoskeleton	20	8.849557522123893	0.8878406882057673	9168, 7223, 6786, 7138, 4135, 166614, 2275, 26059, 8470, 4628, 203068, 80115, 27145, 3872, 10574, 8900, 57626, 5604, 103910, 11127	214	2054	18224	0.8292003749237866	1.0	1.0	95.63409563409564
GOTERM_CC_ALL	GO:0043228~non-membrane-bounded organelle	40	17.699115044247787	0.9248951444698291	9168, 4892, 7223, 9500, 4135, 26059, 2275, 8470, 64859, 4628, 122402, 203068, 51386, 27145, 3872, 10574, 7538, 8900, 5955, 57626, 6604, 10633, 5935, 11127, 404672, 5175, 6124, 6002, 6786, 7138, 166614, 2023, 23034, 254263, 80115, 8516, 844, 11178, 5604, 103910	214	4026	18224	0.8460892052128455	1.0	1.0	95.63409563409564
GOTERM_CC_ALL	GO:0043232~intracellular non-membrane-bounded organelle	40	17.699115044247787	0.9248951444698291	9168, 4892, 7223, 9500, 4135, 26059, 2275, 8470, 64859, 4628, 122402, 203068, 51386, 27145, 3872, 10574, 7538, 8900, 5955, 57626, 6604, 10633, 5935, 11127, 404672, 5175, 6124, 6002, 6786, 7138, 166614, 2023, 23034, 254263, 80115, 8516, 844, 11178, 5604, 103910	214	4026	18224	0.8460892052128455	1.0	1.0	95.63409563409564
GOTERM_CC_ALL	GO:0015630~microtubule cytoskeleton	9	3.982300884955752	0.9480997377245304	4628, 203068, 6786, 166614, 4135, 10574, 8900, 5604, 11127	214	1100	18224	0.6967544604927782	1.0	1.0	95.63409563409564
GOTERM_CC_ALL	GO:0044430~cytoskeletal part	13	5.752212389380531	0.9551179465970684	9168, 6786, 7138, 4135, 166614, 2275, 4628, 203068, 3872, 10574, 5604, 103910, 11127	214	1547	18224	0.7156208277703605	1.0	1.0	95.63409563409564

Annotation Cluster 15	Enrichment Score: 0.052292321450980714
Category	Term	Count	%	PValue	Genes	List Total	Pop Hits	Pop Total	Fold Enrichment	Bonferroni	Benjamini	FDR
GOTERM_CC_ALL	GO:0005739~mitochondrion	20	8.849557522123893	0.616334710050635	7991, 132671, 5188, 48, 5321, 135138, 23787, 339479, 4191, 80309, 4628, 1545, 83857, 301, 844, 10574, 318, 11332, 5604, 8739	214	1700	18224	1.0018691588785045	1.0	1.0	95.63409563409564
GOTERM_CC_ALL	GO:0031967~organelle envelope	10	4.424778761061947	0.9261641733261147	132671, 26509, 203068, 147, 301, 5321, 5026, 5733, 23787, 4191	214	1149	18224	0.7411564708848816	1.0	1.0	95.63409563409564
GOTERM_CC_ALL	GO:0031975~envelope	10	4.424778761061947	0.9283155257801419	132671, 26509, 203068, 147, 301, 5321, 5026, 5733, 23787, 4191	214	1154	18224	0.7379452210110303	1.0	1.0	95.63409563409564
GOTERM_CC_ALL	GO:0031966~mitochondrial membrane	5	2.2123893805309733	0.9631457473018832	132671, 301, 5321, 23787, 4191	214	691	18224	0.616200278615578	1.0	1.0	96.31457473018831
GOTERM_CC_ALL	GO:0005740~mitochondrial envelope	5	2.2123893805309733	0.9738678184191054	132671, 301, 5321, 23787, 4191	214	732	18224	0.5816863285838312	1.0	1.0	97.38678184191055
GOTERM_CC_ALL	GO:0044429~mitochondrial part	7	3.0973451327433628	0.9769083629241093	132671, 301, 5321, 844, 318, 23787, 4191	214	990	18224	0.602133484376475	1.0	1.0	97.69083629241094

Annotation Cluster 16	Enrichment Score: 0.011299967828887399
Category	Term	Count	%	PValue	Genes	List Total	Pop Hits	Pop Total	Fold Enrichment	Bonferroni	Benjamini	FDR
GOTERM_CC_ALL	GO:0044422~organelle part	91	40.26548672566372	0.8897330687483309	3082, 644353, 148281, 6792, 9500, 4013, 5026, 4135, 27128, 118429, 2275, 23643, 3119, 203068, 51760, 4929, 2783, 3872, 318, 5579, 10574, 5733, 93109, 5935, 404672, 6482, 7056, 6124, 6002, 7138, 166614, 135138, 1592, 23213, 254263, 1545, 57713, 3248, 567, 26960, 80115, 326, 844, 8935, 967, 51138, 9168, 132671, 5321, 2331, 23544, 4191, 23787, 8470, 64859, 4628, 1675, 51386, 59345, 1278, 170261, 5710, 8900, 5955, 6604, 10633, 11127, 8685, 5175, 26509, 7991, 9332, 132204, 6786, 9577, 220441, 246213, 2023, 57452, 5092, 81544, 3108, 57414, 79623, 147, 301, 5689, 11332, 5768, 5604, 103910	214	8415	18224	0.9209100349287265	1.0	1.0	95.63409563409564
GOTERM_CC_ALL	GO:0044446~intracellular organelle part	88	38.93805309734513	0.911369500839714	3082, 644353, 148281, 6792, 9500, 4013, 5026, 4135, 27128, 118429, 2275, 23643, 3119, 203068, 51760, 4929, 2783, 3872, 318, 5579, 10574, 5733, 93109, 5935, 404672, 6482, 7056, 6124, 6002, 7138, 166614, 1592, 23213, 254263, 1545, 57713, 3248, 567, 26960, 80115, 326, 844, 8935, 967, 51138, 9168, 132671, 5321, 2331, 23544, 4191, 23787, 64859, 4628, 1675, 51386, 59345, 1278, 170261, 5710, 8900, 5955, 6604, 10633, 11127, 8685, 5175, 26509, 7991, 9332, 132204, 6786, 9577, 220441, 246213, 57452, 5092, 81544, 3108, 57414, 79623, 147, 301, 5689, 11332, 5768, 5604, 103910	214	8233	18224	0.9102370106171767	1.0	1.0	95.63409563409564
GOTERM_CC_ALL	GO:0005654~nucleoplasm	24	10.619469026548673	0.9926082358071715	404672, 644353, 6792, 9577, 4013, 5092, 4191, 64859, 57713, 4929, 301, 3248, 51386, 326, 170261, 8935, 5710, 5579, 5689, 51138, 11332, 8900, 6604, 5935	214	2996	18224	0.6821806021736148	1.0	1.0	99.26082358071714
GOTERM_CC_ALL	GO:0031974~membrane-enclosed lumen	38	16.8141592920354	0.9951202096328741	3082, 644353, 6792, 4013, 2331, 4191, 64859, 203068, 4929, 1675, 51386, 1278, 170261, 5710, 5579, 318, 8900, 5955, 6604, 10633, 5935, 404672, 6124, 6002, 9577, 5092, 57713, 301, 3248, 567, 326, 844, 8935, 967, 5689, 51138, 11332, 5768	214	4457	18224	0.7260572993443056	1.0	1.0	99.51202096328741
GOTERM_CC_ALL	GO:0044428~nuclear part	33	14.601769911504425	0.9954016775300568	644353, 6792, 4013, 5026, 4191, 64859, 203068, 4929, 51386, 170261, 5710, 5579, 5733, 8900, 5955, 6604, 10633, 5935, 404672, 26509, 6124, 6002, 9577, 5092, 57713, 147, 301, 3248, 326, 8935, 5689, 51138, 11332	214	3981	18224	0.705913838395932	1.0	1.0	99.54016775300568
GOTERM_CC_ALL	GO:0043233~organelle lumen	37	16.371681415929203	0.9960481542354732	3082, 644353, 6792, 4013, 2331, 4191, 64859, 4929, 1675, 51386, 1278, 170261, 5710, 5579, 318, 8900, 5955, 6604, 10633, 5935, 404672, 6124, 6002, 9577, 5092, 57713, 301, 3248, 567, 326, 844, 8935, 967, 5689, 51138, 11332, 5768	214	4400	18224	0.7161087510620221	1.0	1.0	99.60481542354732
GOTERM_CC_ALL	GO:0031981~nuclear lumen	28	12.389380530973451	0.9975493570655771	644353, 6792, 4013, 4191, 64859, 4929, 51386, 170261, 5710, 5579, 8900, 5955, 6604, 10633, 5935, 404672, 6124, 6002, 9577, 5092, 57713, 301, 3248, 326, 8935, 5689, 51138, 11332	214	3592	18224	0.6638219927981183	1.0	1.0	99.75493570655772
GOTERM_CC_ALL	GO:0070013~intracellular organelle lumen	34	15.04424778761062	0.9988904133987375	644353, 6792, 4013, 2331, 4191, 64859, 4929, 51386, 1278, 170261, 5710, 5579, 318, 8900, 5955, 6604, 10633, 5935, 404672, 6124, 6002, 9577, 5092, 57713, 301, 3248, 567, 326, 844, 8935, 967, 5689, 51138, 11332	214	4328	18224	0.6689930381605541	1.0	1.0	99.88904133987376
GOTERM_CC_ALL	GO:0005634~nucleus	58	25.663716814159294	0.9999118250232387	139728, 644353, 7200, 6792, 9500, 4013, 5026, 23089, 2275, 122402, 203068, 4929, 23286, 5579, 5733, 5935, 64073, 131375, 404672, 6124, 6002, 135138, 7291, 165, 64919, 57713, 3248, 326, 8935, 51138, 6014, 4191, 8470, 64859, 4628, 1316, 51386, 170261, 5710, 7538, 8900, 5955, 6604, 10633, 54935, 6660, 26509, 9577, 2023, 5090, 5092, 389, 147, 301, 5689, 11332, 152485, 5604	214	7048	18224	0.7007966732790902	1.0	1.0	99.99118250232387

